id,family,kind,graded,discriminates,expected,tz2022.1,tz2022.2,tz2022.3,tz2022.4,tz2022.5,tz2022.6,tz2022.7,tz2023.1,tz2023.2,tz2023.3,tz2023.4,tz2024.1,tz2024.2,tz2025.1,tz2025.2,tz2025.3,tz2026.1,tz2026.2,tz2026.3,tz2026.4
offset:new_york:2026-07-15:12:00,control,offset,True,False,"{""utc_offset"": ""-04:00""}","{""utc_offset"": ""-04:00""}","{""utc_offset"": ""-04:00""}","{""utc_offset"": ""-04:00""}","{""utc_offset"": ""-04:00""}","{""utc_offset"": ""-04:00""}","{""utc_offset"": ""-04:00""}","{""utc_offset"": ""-04:00""}","{""utc_offset"": ""-04:00""}","{""utc_offset"": ""-04:00""}","{""utc_offset"": ""-04:00""}","{""utc_offset"": ""-04:00""}","{""utc_offset"": ""-04:00""}","{""utc_offset"": ""-04:00""}","{""utc_offset"": ""-04:00""}","{""utc_offset"": ""-04:00""}","{""utc_offset"": ""-04:00""}","{""utc_offset"": ""-04:00""}","{""utc_offset"": ""-04:00""}","{""utc_offset"": ""-04:00""}","{""utc_offset"": ""-04:00""}"
offset:new_york:2026-12-15:12:00,control,offset,True,False,"{""utc_offset"": ""-05:00""}","{""utc_offset"": ""-05:00""}","{""utc_offset"": ""-05:00""}","{""utc_offset"": ""-05:00""}","{""utc_offset"": ""-05:00""}","{""utc_offset"": ""-05:00""}","{""utc_offset"": ""-05:00""}","{""utc_offset"": ""-05:00""}","{""utc_offset"": ""-05:00""}","{""utc_offset"": ""-05:00""}","{""utc_offset"": ""-05:00""}","{""utc_offset"": ""-05:00""}","{""utc_offset"": ""-05:00""}","{""utc_offset"": ""-05:00""}","{""utc_offset"": ""-05:00""}","{""utc_offset"": ""-05:00""}","{""utc_offset"": ""-05:00""}","{""utc_offset"": ""-05:00""}","{""utc_offset"": ""-05:00""}","{""utc_offset"": ""-05:00""}","{""utc_offset"": ""-05:00""}"
offset:london:2026-07-15:12:00,control,offset,True,False,"{""utc_offset"": ""+01:00""}","{""utc_offset"": ""+01:00""}","{""utc_offset"": ""+01:00""}","{""utc_offset"": ""+01:00""}","{""utc_offset"": ""+01:00""}","{""utc_offset"": ""+01:00""}","{""utc_offset"": ""+01:00""}","{""utc_offset"": ""+01:00""}","{""utc_offset"": ""+01:00""}","{""utc_offset"": ""+01:00""}","{""utc_offset"": ""+01:00""}","{""utc_offset"": ""+01:00""}","{""utc_offset"": ""+01:00""}","{""utc_offset"": ""+01:00""}","{""utc_offset"": ""+01:00""}","{""utc_offset"": ""+01:00""}","{""utc_offset"": ""+01:00""}","{""utc_offset"": ""+01:00""}","{""utc_offset"": ""+01:00""}","{""utc_offset"": ""+01:00""}","{""utc_offset"": ""+01:00""}"
offset:london:2026-12-15:12:00,control,offset,True,False,"{""utc_offset"": ""+00:00""}","{""utc_offset"": ""+00:00""}","{""utc_offset"": ""+00:00""}","{""utc_offset"": ""+00:00""}","{""utc_offset"": ""+00:00""}","{""utc_offset"": ""+00:00""}","{""utc_offset"": ""+00:00""}","{""utc_offset"": ""+00:00""}","{""utc_offset"": ""+00:00""}","{""utc_offset"": ""+00:00""}","{""utc_offset"": ""+00:00""}","{""utc_offset"": ""+00:00""}","{""utc_offset"": ""+00:00""}","{""utc_offset"": ""+00:00""}","{""utc_offset"": ""+00:00""}","{""utc_offset"": ""+00:00""}","{""utc_offset"": ""+00:00""}","{""utc_offset"": ""+00:00""}","{""utc_offset"": ""+00:00""}","{""utc_offset"": ""+00:00""}","{""utc_offset"": ""+00:00""}"
offset:tokyo:2026-07-15:12:00,control,offset,True,False,"{""utc_offset"": ""+09:00""}","{""utc_offset"": ""+09:00""}","{""utc_offset"": ""+09:00""}","{""utc_offset"": ""+09:00""}","{""utc_offset"": ""+09:00""}","{""utc_offset"": ""+09:00""}","{""utc_offset"": ""+09:00""}","{""utc_offset"": ""+09:00""}","{""utc_offset"": ""+09:00""}","{""utc_offset"": ""+09:00""}","{""utc_offset"": ""+09:00""}","{""utc_offset"": ""+09:00""}","{""utc_offset"": ""+09:00""}","{""utc_offset"": ""+09:00""}","{""utc_offset"": ""+09:00""}","{""utc_offset"": ""+09:00""}","{""utc_offset"": ""+09:00""}","{""utc_offset"": ""+09:00""}","{""utc_offset"": ""+09:00""}","{""utc_offset"": ""+09:00""}","{""utc_offset"": ""+09:00""}"
offset:paris:2026-01-15:12:00,control,offset,True,False,"{""utc_offset"": ""+01:00""}","{""utc_offset"": ""+01:00""}","{""utc_offset"": ""+01:00""}","{""utc_offset"": ""+01:00""}","{""utc_offset"": ""+01:00""}","{""utc_offset"": ""+01:00""}","{""utc_offset"": ""+01:00""}","{""utc_offset"": ""+01:00""}","{""utc_offset"": ""+01:00""}","{""utc_offset"": ""+01:00""}","{""utc_offset"": ""+01:00""}","{""utc_offset"": ""+01:00""}","{""utc_offset"": ""+01:00""}","{""utc_offset"": ""+01:00""}","{""utc_offset"": ""+01:00""}","{""utc_offset"": ""+01:00""}","{""utc_offset"": ""+01:00""}","{""utc_offset"": ""+01:00""}","{""utc_offset"": ""+01:00""}","{""utc_offset"": ""+01:00""}","{""utc_offset"": ""+01:00""}"
offset:los_angeles:2026-11-15:12:00,control,offset,True,False,"{""utc_offset"": ""-08:00""}","{""utc_offset"": ""-08:00""}","{""utc_offset"": ""-08:00""}","{""utc_offset"": ""-08:00""}","{""utc_offset"": ""-08:00""}","{""utc_offset"": ""-08:00""}","{""utc_offset"": ""-08:00""}","{""utc_offset"": ""-08:00""}","{""utc_offset"": ""-08:00""}","{""utc_offset"": ""-08:00""}","{""utc_offset"": ""-08:00""}","{""utc_offset"": ""-08:00""}","{""utc_offset"": ""-08:00""}","{""utc_offset"": ""-08:00""}","{""utc_offset"": ""-08:00""}","{""utc_offset"": ""-08:00""}","{""utc_offset"": ""-08:00""}","{""utc_offset"": ""-08:00""}","{""utc_offset"": ""-08:00""}","{""utc_offset"": ""-08:00""}","{""utc_offset"": ""-08:00""}"
offset:toronto:2026-11-15:12:00,control,offset,True,False,"{""utc_offset"": ""-05:00""}","{""utc_offset"": ""-05:00""}","{""utc_offset"": ""-05:00""}","{""utc_offset"": ""-05:00""}","{""utc_offset"": ""-05:00""}","{""utc_offset"": ""-05:00""}","{""utc_offset"": ""-05:00""}","{""utc_offset"": ""-05:00""}","{""utc_offset"": ""-05:00""}","{""utc_offset"": ""-05:00""}","{""utc_offset"": ""-05:00""}","{""utc_offset"": ""-05:00""}","{""utc_offset"": ""-05:00""}","{""utc_offset"": ""-05:00""}","{""utc_offset"": ""-05:00""}","{""utc_offset"": ""-05:00""}","{""utc_offset"": ""-05:00""}","{""utc_offset"": ""-05:00""}","{""utc_offset"": ""-05:00""}","{""utc_offset"": ""-05:00""}","{""utc_offset"": ""-05:00""}"
offset:sydney:2026-01-15:12:00,control,offset,True,False,"{""utc_offset"": ""+11:00""}","{""utc_offset"": ""+11:00""}","{""utc_offset"": ""+11:00""}","{""utc_offset"": ""+11:00""}","{""utc_offset"": ""+11:00""}","{""utc_offset"": ""+11:00""}","{""utc_offset"": ""+11:00""}","{""utc_offset"": ""+11:00""}","{""utc_offset"": ""+11:00""}","{""utc_offset"": ""+11:00""}","{""utc_offset"": ""+11:00""}","{""utc_offset"": ""+11:00""}","{""utc_offset"": ""+11:00""}","{""utc_offset"": ""+11:00""}","{""utc_offset"": ""+11:00""}","{""utc_offset"": ""+11:00""}","{""utc_offset"": ""+11:00""}","{""utc_offset"": ""+11:00""}","{""utc_offset"": ""+11:00""}","{""utc_offset"": ""+11:00""}","{""utc_offset"": ""+11:00""}"
offset:sydney:2026-07-15:12:00,control,offset,True,False,"{""utc_offset"": ""+10:00""}","{""utc_offset"": ""+10:00""}","{""utc_offset"": ""+10:00""}","{""utc_offset"": ""+10:00""}","{""utc_offset"": ""+10:00""}","{""utc_offset"": ""+10:00""}","{""utc_offset"": ""+10:00""}","{""utc_offset"": ""+10:00""}","{""utc_offset"": ""+10:00""}","{""utc_offset"": ""+10:00""}","{""utc_offset"": ""+10:00""}","{""utc_offset"": ""+10:00""}","{""utc_offset"": ""+10:00""}","{""utc_offset"": ""+10:00""}","{""utc_offset"": ""+10:00""}","{""utc_offset"": ""+10:00""}","{""utc_offset"": ""+10:00""}","{""utc_offset"": ""+10:00""}","{""utc_offset"": ""+10:00""}","{""utc_offset"": ""+10:00""}","{""utc_offset"": ""+10:00""}"
offset:mumbai:2026-07-15:12:00,control,offset,True,False,"{""utc_offset"": ""+05:30""}","{""utc_offset"": ""+05:30""}","{""utc_offset"": ""+05:30""}","{""utc_offset"": ""+05:30""}","{""utc_offset"": ""+05:30""}","{""utc_offset"": ""+05:30""}","{""utc_offset"": ""+05:30""}","{""utc_offset"": ""+05:30""}","{""utc_offset"": ""+05:30""}","{""utc_offset"": ""+05:30""}","{""utc_offset"": ""+05:30""}","{""utc_offset"": ""+05:30""}","{""utc_offset"": ""+05:30""}","{""utc_offset"": ""+05:30""}","{""utc_offset"": ""+05:30""}","{""utc_offset"": ""+05:30""}","{""utc_offset"": ""+05:30""}","{""utc_offset"": ""+05:30""}","{""utc_offset"": ""+05:30""}","{""utc_offset"": ""+05:30""}","{""utc_offset"": ""+05:30""}"
offset:dubai:2026-07-15:12:00,control,offset,True,False,"{""utc_offset"": ""+04:00""}","{""utc_offset"": ""+04:00""}","{""utc_offset"": ""+04:00""}","{""utc_offset"": ""+04:00""}","{""utc_offset"": ""+04:00""}","{""utc_offset"": ""+04:00""}","{""utc_offset"": ""+04:00""}","{""utc_offset"": ""+04:00""}","{""utc_offset"": ""+04:00""}","{""utc_offset"": ""+04:00""}","{""utc_offset"": ""+04:00""}","{""utc_offset"": ""+04:00""}","{""utc_offset"": ""+04:00""}","{""utc_offset"": ""+04:00""}","{""utc_offset"": ""+04:00""}","{""utc_offset"": ""+04:00""}","{""utc_offset"": ""+04:00""}","{""utc_offset"": ""+04:00""}","{""utc_offset"": ""+04:00""}","{""utc_offset"": ""+04:00""}","{""utc_offset"": ""+04:00""}"
convert:new_york:london:2026-07-15:09:00,control,convert,True,False,"{""date"": ""2026-07-15"", ""time"": ""14:00""}","{""date"": ""2026-07-15"", ""time"": ""14:00""}","{""date"": ""2026-07-15"", ""time"": ""14:00""}","{""date"": ""2026-07-15"", ""time"": ""14:00""}","{""date"": ""2026-07-15"", ""time"": ""14:00""}","{""date"": ""2026-07-15"", ""time"": ""14:00""}","{""date"": ""2026-07-15"", ""time"": ""14:00""}","{""date"": ""2026-07-15"", ""time"": ""14:00""}","{""date"": ""2026-07-15"", ""time"": ""14:00""}","{""date"": ""2026-07-15"", ""time"": ""14:00""}","{""date"": ""2026-07-15"", ""time"": ""14:00""}","{""date"": ""2026-07-15"", ""time"": ""14:00""}","{""date"": ""2026-07-15"", ""time"": ""14:00""}","{""date"": ""2026-07-15"", ""time"": ""14:00""}","{""date"": ""2026-07-15"", ""time"": ""14:00""}","{""date"": ""2026-07-15"", ""time"": ""14:00""}","{""date"": ""2026-07-15"", ""time"": ""14:00""}","{""date"": ""2026-07-15"", ""time"": ""14:00""}","{""date"": ""2026-07-15"", ""time"": ""14:00""}","{""date"": ""2026-07-15"", ""time"": ""14:00""}","{""date"": ""2026-07-15"", ""time"": ""14:00""}"
convert:tokyo:los_angeles:2026-03-10:09:00,control,convert,True,False,"{""date"": ""2026-03-09"", ""time"": ""17:00""}","{""date"": ""2026-03-09"", ""time"": ""17:00""}","{""date"": ""2026-03-09"", ""time"": ""17:00""}","{""date"": ""2026-03-09"", ""time"": ""17:00""}","{""date"": ""2026-03-09"", ""time"": ""17:00""}","{""date"": ""2026-03-09"", ""time"": ""17:00""}","{""date"": ""2026-03-09"", ""time"": ""17:00""}","{""date"": ""2026-03-09"", ""time"": ""17:00""}","{""date"": ""2026-03-09"", ""time"": ""17:00""}","{""date"": ""2026-03-09"", ""time"": ""17:00""}","{""date"": ""2026-03-09"", ""time"": ""17:00""}","{""date"": ""2026-03-09"", ""time"": ""17:00""}","{""date"": ""2026-03-09"", ""time"": ""17:00""}","{""date"": ""2026-03-09"", ""time"": ""17:00""}","{""date"": ""2026-03-09"", ""time"": ""17:00""}","{""date"": ""2026-03-09"", ""time"": ""17:00""}","{""date"": ""2026-03-09"", ""time"": ""17:00""}","{""date"": ""2026-03-09"", ""time"": ""17:00""}","{""date"": ""2026-03-09"", ""time"": ""17:00""}","{""date"": ""2026-03-09"", ""time"": ""17:00""}","{""date"": ""2026-03-09"", ""time"": ""17:00""}"
convert:toronto:paris:2026-11-15:09:00,control,convert,True,False,"{""date"": ""2026-11-15"", ""time"": ""15:00""}","{""date"": ""2026-11-15"", ""time"": ""15:00""}","{""date"": ""2026-11-15"", ""time"": ""15:00""}","{""date"": ""2026-11-15"", ""time"": ""15:00""}","{""date"": ""2026-11-15"", ""time"": ""15:00""}","{""date"": ""2026-11-15"", ""time"": ""15:00""}","{""date"": ""2026-11-15"", ""time"": ""15:00""}","{""date"": ""2026-11-15"", ""time"": ""15:00""}","{""date"": ""2026-11-15"", ""time"": ""15:00""}","{""date"": ""2026-11-15"", ""time"": ""15:00""}","{""date"": ""2026-11-15"", ""time"": ""15:00""}","{""date"": ""2026-11-15"", ""time"": ""15:00""}","{""date"": ""2026-11-15"", ""time"": ""15:00""}","{""date"": ""2026-11-15"", ""time"": ""15:00""}","{""date"": ""2026-11-15"", ""time"": ""15:00""}","{""date"": ""2026-11-15"", ""time"": ""15:00""}","{""date"": ""2026-11-15"", ""time"": ""15:00""}","{""date"": ""2026-11-15"", ""time"": ""15:00""}","{""date"": ""2026-11-15"", ""time"": ""15:00""}","{""date"": ""2026-11-15"", ""time"": ""15:00""}","{""date"": ""2026-11-15"", ""time"": ""15:00""}"
convert:london:sydney:2026-01-15:09:00,control,convert,True,False,"{""date"": ""2026-01-15"", ""time"": ""20:00""}","{""date"": ""2026-01-15"", ""time"": ""20:00""}","{""date"": ""2026-01-15"", ""time"": ""20:00""}","{""date"": ""2026-01-15"", ""time"": ""20:00""}","{""date"": ""2026-01-15"", ""time"": ""20:00""}","{""date"": ""2026-01-15"", ""time"": ""20:00""}","{""date"": ""2026-01-15"", ""time"": ""20:00""}","{""date"": ""2026-01-15"", ""time"": ""20:00""}","{""date"": ""2026-01-15"", ""time"": ""20:00""}","{""date"": ""2026-01-15"", ""time"": ""20:00""}","{""date"": ""2026-01-15"", ""time"": ""20:00""}","{""date"": ""2026-01-15"", ""time"": ""20:00""}","{""date"": ""2026-01-15"", ""time"": ""20:00""}","{""date"": ""2026-01-15"", ""time"": ""20:00""}","{""date"": ""2026-01-15"", ""time"": ""20:00""}","{""date"": ""2026-01-15"", ""time"": ""20:00""}","{""date"": ""2026-01-15"", ""time"": ""20:00""}","{""date"": ""2026-01-15"", ""time"": ""20:00""}","{""date"": ""2026-01-15"", ""time"": ""20:00""}","{""date"": ""2026-01-15"", ""time"": ""20:00""}","{""date"": ""2026-01-15"", ""time"": ""20:00""}"
convert:chicago:mumbai:2026-07-15:09:00,control,convert,True,False,"{""date"": ""2026-07-15"", ""time"": ""19:30""}","{""date"": ""2026-07-15"", ""time"": ""19:30""}","{""date"": ""2026-07-15"", ""time"": ""19:30""}","{""date"": ""2026-07-15"", ""time"": ""19:30""}","{""date"": ""2026-07-15"", ""time"": ""19:30""}","{""date"": ""2026-07-15"", ""time"": ""19:30""}","{""date"": ""2026-07-15"", ""time"": ""19:30""}","{""date"": ""2026-07-15"", ""time"": ""19:30""}","{""date"": ""2026-07-15"", ""time"": ""19:30""}","{""date"": ""2026-07-15"", ""time"": ""19:30""}","{""date"": ""2026-07-15"", ""time"": ""19:30""}","{""date"": ""2026-07-15"", ""time"": ""19:30""}","{""date"": ""2026-07-15"", ""time"": ""19:30""}","{""date"": ""2026-07-15"", ""time"": ""19:30""}","{""date"": ""2026-07-15"", ""time"": ""19:30""}","{""date"": ""2026-07-15"", ""time"": ""19:30""}","{""date"": ""2026-07-15"", ""time"": ""19:30""}","{""date"": ""2026-07-15"", ""time"": ""19:30""}","{""date"": ""2026-07-15"", ""time"": ""19:30""}","{""date"": ""2026-07-15"", ""time"": ""19:30""}","{""date"": ""2026-07-15"", ""time"": ""19:30""}"
convert:berlin:tokyo:2026-12-15:09:00,control,convert,True,False,"{""date"": ""2026-12-15"", ""time"": ""17:00""}","{""date"": ""2026-12-15"", ""time"": ""17:00""}","{""date"": ""2026-12-15"", ""time"": ""17:00""}","{""date"": ""2026-12-15"", ""time"": ""17:00""}","{""date"": ""2026-12-15"", ""time"": ""17:00""}","{""date"": ""2026-12-15"", ""time"": ""17:00""}","{""date"": ""2026-12-15"", ""time"": ""17:00""}","{""date"": ""2026-12-15"", ""time"": ""17:00""}","{""date"": ""2026-12-15"", ""time"": ""17:00""}","{""date"": ""2026-12-15"", ""time"": ""17:00""}","{""date"": ""2026-12-15"", ""time"": ""17:00""}","{""date"": ""2026-12-15"", ""time"": ""17:00""}","{""date"": ""2026-12-15"", ""time"": ""17:00""}","{""date"": ""2026-12-15"", ""time"": ""17:00""}","{""date"": ""2026-12-15"", ""time"": ""17:00""}","{""date"": ""2026-12-15"", ""time"": ""17:00""}","{""date"": ""2026-12-15"", ""time"": ""17:00""}","{""date"": ""2026-12-15"", ""time"": ""17:00""}","{""date"": ""2026-12-15"", ""time"": ""17:00""}","{""date"": ""2026-12-15"", ""time"": ""17:00""}","{""date"": ""2026-12-15"", ""time"": ""17:00""}"
change_day:new_york:2026-03-08,control,change_day,True,False,"{""changes"": true, ""direction"": ""forward""}","{""changes"": true, ""direction"": ""forward""}","{""changes"": true, ""direction"": ""forward""}","{""changes"": true, ""direction"": ""forward""}","{""changes"": true, ""direction"": ""forward""}","{""changes"": true, ""direction"": ""forward""}","{""changes"": true, ""direction"": ""forward""}","{""changes"": true, ""direction"": ""forward""}","{""changes"": true, ""direction"": ""forward""}","{""changes"": true, ""direction"": ""forward""}","{""changes"": true, ""direction"": ""forward""}","{""changes"": true, ""direction"": ""forward""}","{""changes"": true, ""direction"": ""forward""}","{""changes"": true, ""direction"": ""forward""}","{""changes"": true, ""direction"": ""forward""}","{""changes"": true, ""direction"": ""forward""}","{""changes"": true, ""direction"": ""forward""}","{""changes"": true, ""direction"": ""forward""}","{""changes"": true, ""direction"": ""forward""}","{""changes"": true, ""direction"": ""forward""}","{""changes"": true, ""direction"": ""forward""}"
change_day:new_york:2026-11-01,control,change_day,True,False,"{""changes"": true, ""direction"": ""back""}","{""changes"": true, ""direction"": ""back""}","{""changes"": true, ""direction"": ""back""}","{""changes"": true, ""direction"": ""back""}","{""changes"": true, ""direction"": ""back""}","{""changes"": true, ""direction"": ""back""}","{""changes"": true, ""direction"": ""back""}","{""changes"": true, ""direction"": ""back""}","{""changes"": true, ""direction"": ""back""}","{""changes"": true, ""direction"": ""back""}","{""changes"": true, ""direction"": ""back""}","{""changes"": true, ""direction"": ""back""}","{""changes"": true, ""direction"": ""back""}","{""changes"": true, ""direction"": ""back""}","{""changes"": true, ""direction"": ""back""}","{""changes"": true, ""direction"": ""back""}","{""changes"": true, ""direction"": ""back""}","{""changes"": true, ""direction"": ""back""}","{""changes"": true, ""direction"": ""back""}","{""changes"": true, ""direction"": ""back""}","{""changes"": true, ""direction"": ""back""}"
change_day:london:2026-03-29,control,change_day,True,False,"{""changes"": true, ""direction"": ""forward""}","{""changes"": true, ""direction"": ""forward""}","{""changes"": true, ""direction"": ""forward""}","{""changes"": true, ""direction"": ""forward""}","{""changes"": true, ""direction"": ""forward""}","{""changes"": true, ""direction"": ""forward""}","{""changes"": true, ""direction"": ""forward""}","{""changes"": true, ""direction"": ""forward""}","{""changes"": true, ""direction"": ""forward""}","{""changes"": true, ""direction"": ""forward""}","{""changes"": true, ""direction"": ""forward""}","{""changes"": true, ""direction"": ""forward""}","{""changes"": true, ""direction"": ""forward""}","{""changes"": true, ""direction"": ""forward""}","{""changes"": true, ""direction"": ""forward""}","{""changes"": true, ""direction"": ""forward""}","{""changes"": true, ""direction"": ""forward""}","{""changes"": true, ""direction"": ""forward""}","{""changes"": true, ""direction"": ""forward""}","{""changes"": true, ""direction"": ""forward""}","{""changes"": true, ""direction"": ""forward""}"
change_day:london:2026-10-25,control,change_day,True,False,"{""changes"": true, ""direction"": ""back""}","{""changes"": true, ""direction"": ""back""}","{""changes"": true, ""direction"": ""back""}","{""changes"": true, ""direction"": ""back""}","{""changes"": true, ""direction"": ""back""}","{""changes"": true, ""direction"": ""back""}","{""changes"": true, ""direction"": ""back""}","{""changes"": true, ""direction"": ""back""}","{""changes"": true, ""direction"": ""back""}","{""changes"": true, ""direction"": ""back""}","{""changes"": true, ""direction"": ""back""}","{""changes"": true, ""direction"": ""back""}","{""changes"": true, ""direction"": ""back""}","{""changes"": true, ""direction"": ""back""}","{""changes"": true, ""direction"": ""back""}","{""changes"": true, ""direction"": ""back""}","{""changes"": true, ""direction"": ""back""}","{""changes"": true, ""direction"": ""back""}","{""changes"": true, ""direction"": ""back""}","{""changes"": true, ""direction"": ""back""}","{""changes"": true, ""direction"": ""back""}"
change_day:toronto:2026-11-01,control,change_day,True,False,"{""changes"": true, ""direction"": ""back""}","{""changes"": true, ""direction"": ""back""}","{""changes"": true, ""direction"": ""back""}","{""changes"": true, ""direction"": ""back""}","{""changes"": true, ""direction"": ""back""}","{""changes"": true, ""direction"": ""back""}","{""changes"": true, ""direction"": ""back""}","{""changes"": true, ""direction"": ""back""}","{""changes"": true, ""direction"": ""back""}","{""changes"": true, ""direction"": ""back""}","{""changes"": true, ""direction"": ""back""}","{""changes"": true, ""direction"": ""back""}","{""changes"": true, ""direction"": ""back""}","{""changes"": true, ""direction"": ""back""}","{""changes"": true, ""direction"": ""back""}","{""changes"": true, ""direction"": ""back""}","{""changes"": true, ""direction"": ""back""}","{""changes"": true, ""direction"": ""back""}","{""changes"": true, ""direction"": ""back""}","{""changes"": true, ""direction"": ""back""}","{""changes"": true, ""direction"": ""back""}"
change_day:tokyo:2026-03-08,control,change_day,True,False,"{""changes"": false, ""direction"": ""none""}","{""changes"": false, ""direction"": ""none""}","{""changes"": false, ""direction"": ""none""}","{""changes"": false, ""direction"": ""none""}","{""changes"": false, ""direction"": ""none""}","{""changes"": false, ""direction"": ""none""}","{""changes"": false, ""direction"": ""none""}","{""changes"": false, ""direction"": ""none""}","{""changes"": false, ""direction"": ""none""}","{""changes"": false, ""direction"": ""none""}","{""changes"": false, ""direction"": ""none""}","{""changes"": false, ""direction"": ""none""}","{""changes"": false, ""direction"": ""none""}","{""changes"": false, ""direction"": ""none""}","{""changes"": false, ""direction"": ""none""}","{""changes"": false, ""direction"": ""none""}","{""changes"": false, ""direction"": ""none""}","{""changes"": false, ""direction"": ""none""}","{""changes"": false, ""direction"": ""none""}","{""changes"": false, ""direction"": ""none""}","{""changes"": false, ""direction"": ""none""}"
change_day:paris:2026-10-25,control,change_day,True,False,"{""changes"": true, ""direction"": ""back""}","{""changes"": true, ""direction"": ""back""}","{""changes"": true, ""direction"": ""back""}","{""changes"": true, ""direction"": ""back""}","{""changes"": true, ""direction"": ""back""}","{""changes"": true, ""direction"": ""back""}","{""changes"": true, ""direction"": ""back""}","{""changes"": true, ""direction"": ""back""}","{""changes"": true, ""direction"": ""back""}","{""changes"": true, ""direction"": ""back""}","{""changes"": true, ""direction"": ""back""}","{""changes"": true, ""direction"": ""back""}","{""changes"": true, ""direction"": ""back""}","{""changes"": true, ""direction"": ""back""}","{""changes"": true, ""direction"": ""back""}","{""changes"": true, ""direction"": ""back""}","{""changes"": true, ""direction"": ""back""}","{""changes"": true, ""direction"": ""back""}","{""changes"": true, ""direction"": ""back""}","{""changes"": true, ""direction"": ""back""}","{""changes"": true, ""direction"": ""back""}"
change_day:phoenix:2026-03-08,control,change_day,True,False,"{""changes"": false, ""direction"": ""none""}","{""changes"": false, ""direction"": ""none""}","{""changes"": false, ""direction"": ""none""}","{""changes"": false, ""direction"": ""none""}","{""changes"": false, ""direction"": ""none""}","{""changes"": false, ""direction"": ""none""}","{""changes"": false, ""direction"": ""none""}","{""changes"": false, ""direction"": ""none""}","{""changes"": false, ""direction"": ""none""}","{""changes"": false, ""direction"": ""none""}","{""changes"": false, ""direction"": ""none""}","{""changes"": false, ""direction"": ""none""}","{""changes"": false, ""direction"": ""none""}","{""changes"": false, ""direction"": ""none""}","{""changes"": false, ""direction"": ""none""}","{""changes"": false, ""direction"": ""none""}","{""changes"": false, ""direction"": ""none""}","{""changes"": false, ""direction"": ""none""}","{""changes"": false, ""direction"": ""none""}","{""changes"": false, ""direction"": ""none""}","{""changes"": false, ""direction"": ""none""}"
offset:kathmandu:2026-07-15:12:00,awkward_offset,offset,True,False,"{""utc_offset"": ""+05:45""}","{""utc_offset"": ""+05:45""}","{""utc_offset"": ""+05:45""}","{""utc_offset"": ""+05:45""}","{""utc_offset"": ""+05:45""}","{""utc_offset"": ""+05:45""}","{""utc_offset"": ""+05:45""}","{""utc_offset"": ""+05:45""}","{""utc_offset"": ""+05:45""}","{""utc_offset"": ""+05:45""}","{""utc_offset"": ""+05:45""}","{""utc_offset"": ""+05:45""}","{""utc_offset"": ""+05:45""}","{""utc_offset"": ""+05:45""}","{""utc_offset"": ""+05:45""}","{""utc_offset"": ""+05:45""}","{""utc_offset"": ""+05:45""}","{""utc_offset"": ""+05:45""}","{""utc_offset"": ""+05:45""}","{""utc_offset"": ""+05:45""}","{""utc_offset"": ""+05:45""}"
offset:chatham:2026-01-15:12:00,awkward_offset,offset,True,False,"{""utc_offset"": ""+13:45""}","{""utc_offset"": ""+13:45""}","{""utc_offset"": ""+13:45""}","{""utc_offset"": ""+13:45""}","{""utc_offset"": ""+13:45""}","{""utc_offset"": ""+13:45""}","{""utc_offset"": ""+13:45""}","{""utc_offset"": ""+13:45""}","{""utc_offset"": ""+13:45""}","{""utc_offset"": ""+13:45""}","{""utc_offset"": ""+13:45""}","{""utc_offset"": ""+13:45""}","{""utc_offset"": ""+13:45""}","{""utc_offset"": ""+13:45""}","{""utc_offset"": ""+13:45""}","{""utc_offset"": ""+13:45""}","{""utc_offset"": ""+13:45""}","{""utc_offset"": ""+13:45""}","{""utc_offset"": ""+13:45""}","{""utc_offset"": ""+13:45""}","{""utc_offset"": ""+13:45""}"
offset:chatham:2026-07-15:12:00,awkward_offset,offset,True,False,"{""utc_offset"": ""+12:45""}","{""utc_offset"": ""+12:45""}","{""utc_offset"": ""+12:45""}","{""utc_offset"": ""+12:45""}","{""utc_offset"": ""+12:45""}","{""utc_offset"": ""+12:45""}","{""utc_offset"": ""+12:45""}","{""utc_offset"": ""+12:45""}","{""utc_offset"": ""+12:45""}","{""utc_offset"": ""+12:45""}","{""utc_offset"": ""+12:45""}","{""utc_offset"": ""+12:45""}","{""utc_offset"": ""+12:45""}","{""utc_offset"": ""+12:45""}","{""utc_offset"": ""+12:45""}","{""utc_offset"": ""+12:45""}","{""utc_offset"": ""+12:45""}","{""utc_offset"": ""+12:45""}","{""utc_offset"": ""+12:45""}","{""utc_offset"": ""+12:45""}","{""utc_offset"": ""+12:45""}"
offset:lord_howe:2026-01-15:12:00,awkward_offset,offset,True,False,"{""utc_offset"": ""+11:00""}","{""utc_offset"": ""+11:00""}","{""utc_offset"": ""+11:00""}","{""utc_offset"": ""+11:00""}","{""utc_offset"": ""+11:00""}","{""utc_offset"": ""+11:00""}","{""utc_offset"": ""+11:00""}","{""utc_offset"": ""+11:00""}","{""utc_offset"": ""+11:00""}","{""utc_offset"": ""+11:00""}","{""utc_offset"": ""+11:00""}","{""utc_offset"": ""+11:00""}","{""utc_offset"": ""+11:00""}","{""utc_offset"": ""+11:00""}","{""utc_offset"": ""+11:00""}","{""utc_offset"": ""+11:00""}","{""utc_offset"": ""+11:00""}","{""utc_offset"": ""+11:00""}","{""utc_offset"": ""+11:00""}","{""utc_offset"": ""+11:00""}","{""utc_offset"": ""+11:00""}"
offset:lord_howe:2026-07-15:12:00,awkward_offset,offset,True,False,"{""utc_offset"": ""+10:30""}","{""utc_offset"": ""+10:30""}","{""utc_offset"": ""+10:30""}","{""utc_offset"": ""+10:30""}","{""utc_offset"": ""+10:30""}","{""utc_offset"": ""+10:30""}","{""utc_offset"": ""+10:30""}","{""utc_offset"": ""+10:30""}","{""utc_offset"": ""+10:30""}","{""utc_offset"": ""+10:30""}","{""utc_offset"": ""+10:30""}","{""utc_offset"": ""+10:30""}","{""utc_offset"": ""+10:30""}","{""utc_offset"": ""+10:30""}","{""utc_offset"": ""+10:30""}","{""utc_offset"": ""+10:30""}","{""utc_offset"": ""+10:30""}","{""utc_offset"": ""+10:30""}","{""utc_offset"": ""+10:30""}","{""utc_offset"": ""+10:30""}","{""utc_offset"": ""+10:30""}"
offset:eucla:2026-07-15:12:00,awkward_offset,offset,True,False,"{""utc_offset"": ""+08:45""}","{""utc_offset"": ""+08:45""}","{""utc_offset"": ""+08:45""}","{""utc_offset"": ""+08:45""}","{""utc_offset"": ""+08:45""}","{""utc_offset"": ""+08:45""}","{""utc_offset"": ""+08:45""}","{""utc_offset"": ""+08:45""}","{""utc_offset"": ""+08:45""}","{""utc_offset"": ""+08:45""}","{""utc_offset"": ""+08:45""}","{""utc_offset"": ""+08:45""}","{""utc_offset"": ""+08:45""}","{""utc_offset"": ""+08:45""}","{""utc_offset"": ""+08:45""}","{""utc_offset"": ""+08:45""}","{""utc_offset"": ""+08:45""}","{""utc_offset"": ""+08:45""}","{""utc_offset"": ""+08:45""}","{""utc_offset"": ""+08:45""}","{""utc_offset"": ""+08:45""}"
offset:st_johns:2026-07-15:12:00,awkward_offset,offset,True,False,"{""utc_offset"": ""-02:30""}","{""utc_offset"": ""-02:30""}","{""utc_offset"": ""-02:30""}","{""utc_offset"": ""-02:30""}","{""utc_offset"": ""-02:30""}","{""utc_offset"": ""-02:30""}","{""utc_offset"": ""-02:30""}","{""utc_offset"": ""-02:30""}","{""utc_offset"": ""-02:30""}","{""utc_offset"": ""-02:30""}","{""utc_offset"": ""-02:30""}","{""utc_offset"": ""-02:30""}","{""utc_offset"": ""-02:30""}","{""utc_offset"": ""-02:30""}","{""utc_offset"": ""-02:30""}","{""utc_offset"": ""-02:30""}","{""utc_offset"": ""-02:30""}","{""utc_offset"": ""-02:30""}","{""utc_offset"": ""-02:30""}","{""utc_offset"": ""-02:30""}","{""utc_offset"": ""-02:30""}"
offset:st_johns:2026-12-15:12:00,awkward_offset,offset,True,False,"{""utc_offset"": ""-03:30""}","{""utc_offset"": ""-03:30""}","{""utc_offset"": ""-03:30""}","{""utc_offset"": ""-03:30""}","{""utc_offset"": ""-03:30""}","{""utc_offset"": ""-03:30""}","{""utc_offset"": ""-03:30""}","{""utc_offset"": ""-03:30""}","{""utc_offset"": ""-03:30""}","{""utc_offset"": ""-03:30""}","{""utc_offset"": ""-03:30""}","{""utc_offset"": ""-03:30""}","{""utc_offset"": ""-03:30""}","{""utc_offset"": ""-03:30""}","{""utc_offset"": ""-03:30""}","{""utc_offset"": ""-03:30""}","{""utc_offset"": ""-03:30""}","{""utc_offset"": ""-03:30""}","{""utc_offset"": ""-03:30""}","{""utc_offset"": ""-03:30""}","{""utc_offset"": ""-03:30""}"
offset:kiritimati:2026-07-15:12:00,awkward_offset,offset,True,False,"{""utc_offset"": ""+14:00""}","{""utc_offset"": ""+14:00""}","{""utc_offset"": ""+14:00""}","{""utc_offset"": ""+14:00""}","{""utc_offset"": ""+14:00""}","{""utc_offset"": ""+14:00""}","{""utc_offset"": ""+14:00""}","{""utc_offset"": ""+14:00""}","{""utc_offset"": ""+14:00""}","{""utc_offset"": ""+14:00""}","{""utc_offset"": ""+14:00""}","{""utc_offset"": ""+14:00""}","{""utc_offset"": ""+14:00""}","{""utc_offset"": ""+14:00""}","{""utc_offset"": ""+14:00""}","{""utc_offset"": ""+14:00""}","{""utc_offset"": ""+14:00""}","{""utc_offset"": ""+14:00""}","{""utc_offset"": ""+14:00""}","{""utc_offset"": ""+14:00""}","{""utc_offset"": ""+14:00""}"
offset:marquesas:2026-07-15:12:00,awkward_offset,offset,True,False,"{""utc_offset"": ""-09:30""}","{""utc_offset"": ""-09:30""}","{""utc_offset"": ""-09:30""}","{""utc_offset"": ""-09:30""}","{""utc_offset"": ""-09:30""}","{""utc_offset"": ""-09:30""}","{""utc_offset"": ""-09:30""}","{""utc_offset"": ""-09:30""}","{""utc_offset"": ""-09:30""}","{""utc_offset"": ""-09:30""}","{""utc_offset"": ""-09:30""}","{""utc_offset"": ""-09:30""}","{""utc_offset"": ""-09:30""}","{""utc_offset"": ""-09:30""}","{""utc_offset"": ""-09:30""}","{""utc_offset"": ""-09:30""}","{""utc_offset"": ""-09:30""}","{""utc_offset"": ""-09:30""}","{""utc_offset"": ""-09:30""}","{""utc_offset"": ""-09:30""}","{""utc_offset"": ""-09:30""}"
offset:kabul:2026-07-15:12:00,awkward_offset,offset,True,False,"{""utc_offset"": ""+04:30""}","{""utc_offset"": ""+04:30""}","{""utc_offset"": ""+04:30""}","{""utc_offset"": ""+04:30""}","{""utc_offset"": ""+04:30""}","{""utc_offset"": ""+04:30""}","{""utc_offset"": ""+04:30""}","{""utc_offset"": ""+04:30""}","{""utc_offset"": ""+04:30""}","{""utc_offset"": ""+04:30""}","{""utc_offset"": ""+04:30""}","{""utc_offset"": ""+04:30""}","{""utc_offset"": ""+04:30""}","{""utc_offset"": ""+04:30""}","{""utc_offset"": ""+04:30""}","{""utc_offset"": ""+04:30""}","{""utc_offset"": ""+04:30""}","{""utc_offset"": ""+04:30""}","{""utc_offset"": ""+04:30""}","{""utc_offset"": ""+04:30""}","{""utc_offset"": ""+04:30""}"
offset:yangon:2026-07-15:12:00,awkward_offset,offset,True,False,"{""utc_offset"": ""+06:30""}","{""utc_offset"": ""+06:30""}","{""utc_offset"": ""+06:30""}","{""utc_offset"": ""+06:30""}","{""utc_offset"": ""+06:30""}","{""utc_offset"": ""+06:30""}","{""utc_offset"": ""+06:30""}","{""utc_offset"": ""+06:30""}","{""utc_offset"": ""+06:30""}","{""utc_offset"": ""+06:30""}","{""utc_offset"": ""+06:30""}","{""utc_offset"": ""+06:30""}","{""utc_offset"": ""+06:30""}","{""utc_offset"": ""+06:30""}","{""utc_offset"": ""+06:30""}","{""utc_offset"": ""+06:30""}","{""utc_offset"": ""+06:30""}","{""utc_offset"": ""+06:30""}","{""utc_offset"": ""+06:30""}","{""utc_offset"": ""+06:30""}","{""utc_offset"": ""+06:30""}"
offset:adelaide:2026-01-15:12:00,awkward_offset,offset,True,False,"{""utc_offset"": ""+10:30""}","{""utc_offset"": ""+10:30""}","{""utc_offset"": ""+10:30""}","{""utc_offset"": ""+10:30""}","{""utc_offset"": ""+10:30""}","{""utc_offset"": ""+10:30""}","{""utc_offset"": ""+10:30""}","{""utc_offset"": ""+10:30""}","{""utc_offset"": ""+10:30""}","{""utc_offset"": ""+10:30""}","{""utc_offset"": ""+10:30""}","{""utc_offset"": ""+10:30""}","{""utc_offset"": ""+10:30""}","{""utc_offset"": ""+10:30""}","{""utc_offset"": ""+10:30""}","{""utc_offset"": ""+10:30""}","{""utc_offset"": ""+10:30""}","{""utc_offset"": ""+10:30""}","{""utc_offset"": ""+10:30""}","{""utc_offset"": ""+10:30""}","{""utc_offset"": ""+10:30""}"
offset:adelaide:2026-07-15:12:00,awkward_offset,offset,True,False,"{""utc_offset"": ""+09:30""}","{""utc_offset"": ""+09:30""}","{""utc_offset"": ""+09:30""}","{""utc_offset"": ""+09:30""}","{""utc_offset"": ""+09:30""}","{""utc_offset"": ""+09:30""}","{""utc_offset"": ""+09:30""}","{""utc_offset"": ""+09:30""}","{""utc_offset"": ""+09:30""}","{""utc_offset"": ""+09:30""}","{""utc_offset"": ""+09:30""}","{""utc_offset"": ""+09:30""}","{""utc_offset"": ""+09:30""}","{""utc_offset"": ""+09:30""}","{""utc_offset"": ""+09:30""}","{""utc_offset"": ""+09:30""}","{""utc_offset"": ""+09:30""}","{""utc_offset"": ""+09:30""}","{""utc_offset"": ""+09:30""}","{""utc_offset"": ""+09:30""}","{""utc_offset"": ""+09:30""}"
convert:kathmandu:new_york:2026-07-15:09:00,awkward_offset,convert,True,False,"{""date"": ""2026-07-14"", ""time"": ""23:15""}","{""date"": ""2026-07-14"", ""time"": ""23:15""}","{""date"": ""2026-07-14"", ""time"": ""23:15""}","{""date"": ""2026-07-14"", ""time"": ""23:15""}","{""date"": ""2026-07-14"", ""time"": ""23:15""}","{""date"": ""2026-07-14"", ""time"": ""23:15""}","{""date"": ""2026-07-14"", ""time"": ""23:15""}","{""date"": ""2026-07-14"", ""time"": ""23:15""}","{""date"": ""2026-07-14"", ""time"": ""23:15""}","{""date"": ""2026-07-14"", ""time"": ""23:15""}","{""date"": ""2026-07-14"", ""time"": ""23:15""}","{""date"": ""2026-07-14"", ""time"": ""23:15""}","{""date"": ""2026-07-14"", ""time"": ""23:15""}","{""date"": ""2026-07-14"", ""time"": ""23:15""}","{""date"": ""2026-07-14"", ""time"": ""23:15""}","{""date"": ""2026-07-14"", ""time"": ""23:15""}","{""date"": ""2026-07-14"", ""time"": ""23:15""}","{""date"": ""2026-07-14"", ""time"": ""23:15""}","{""date"": ""2026-07-14"", ""time"": ""23:15""}","{""date"": ""2026-07-14"", ""time"": ""23:15""}","{""date"": ""2026-07-14"", ""time"": ""23:15""}"
convert:st_johns:toronto:2026-07-15:09:00,awkward_offset,convert,True,False,"{""date"": ""2026-07-15"", ""time"": ""07:30""}","{""date"": ""2026-07-15"", ""time"": ""07:30""}","{""date"": ""2026-07-15"", ""time"": ""07:30""}","{""date"": ""2026-07-15"", ""time"": ""07:30""}","{""date"": ""2026-07-15"", ""time"": ""07:30""}","{""date"": ""2026-07-15"", ""time"": ""07:30""}","{""date"": ""2026-07-15"", ""time"": ""07:30""}","{""date"": ""2026-07-15"", ""time"": ""07:30""}","{""date"": ""2026-07-15"", ""time"": ""07:30""}","{""date"": ""2026-07-15"", ""time"": ""07:30""}","{""date"": ""2026-07-15"", ""time"": ""07:30""}","{""date"": ""2026-07-15"", ""time"": ""07:30""}","{""date"": ""2026-07-15"", ""time"": ""07:30""}","{""date"": ""2026-07-15"", ""time"": ""07:30""}","{""date"": ""2026-07-15"", ""time"": ""07:30""}","{""date"": ""2026-07-15"", ""time"": ""07:30""}","{""date"": ""2026-07-15"", ""time"": ""07:30""}","{""date"": ""2026-07-15"", ""time"": ""07:30""}","{""date"": ""2026-07-15"", ""time"": ""07:30""}","{""date"": ""2026-07-15"", ""time"": ""07:30""}","{""date"": ""2026-07-15"", ""time"": ""07:30""}"
convert:chatham:auckland:2026-01-15:09:00,awkward_offset,convert,True,False,"{""date"": ""2026-01-15"", ""time"": ""08:15""}","{""date"": ""2026-01-15"", ""time"": ""08:15""}","{""date"": ""2026-01-15"", ""time"": ""08:15""}","{""date"": ""2026-01-15"", ""time"": ""08:15""}","{""date"": ""2026-01-15"", ""time"": ""08:15""}","{""date"": ""2026-01-15"", ""time"": ""08:15""}","{""date"": ""2026-01-15"", ""time"": ""08:15""}","{""date"": ""2026-01-15"", ""time"": ""08:15""}","{""date"": ""2026-01-15"", ""time"": ""08:15""}","{""date"": ""2026-01-15"", ""time"": ""08:15""}","{""date"": ""2026-01-15"", ""time"": ""08:15""}","{""date"": ""2026-01-15"", ""time"": ""08:15""}","{""date"": ""2026-01-15"", ""time"": ""08:15""}","{""date"": ""2026-01-15"", ""time"": ""08:15""}","{""date"": ""2026-01-15"", ""time"": ""08:15""}","{""date"": ""2026-01-15"", ""time"": ""08:15""}","{""date"": ""2026-01-15"", ""time"": ""08:15""}","{""date"": ""2026-01-15"", ""time"": ""08:15""}","{""date"": ""2026-01-15"", ""time"": ""08:15""}","{""date"": ""2026-01-15"", ""time"": ""08:15""}","{""date"": ""2026-01-15"", ""time"": ""08:15""}"
convert:lord_howe:sydney:2026-07-15:09:00,awkward_offset,convert,True,False,"{""date"": ""2026-07-15"", ""time"": ""08:30""}","{""date"": ""2026-07-15"", ""time"": ""08:30""}","{""date"": ""2026-07-15"", ""time"": ""08:30""}","{""date"": ""2026-07-15"", ""time"": ""08:30""}","{""date"": ""2026-07-15"", ""time"": ""08:30""}","{""date"": ""2026-07-15"", ""time"": ""08:30""}","{""date"": ""2026-07-15"", ""time"": ""08:30""}","{""date"": ""2026-07-15"", ""time"": ""08:30""}","{""date"": ""2026-07-15"", ""time"": ""08:30""}","{""date"": ""2026-07-15"", ""time"": ""08:30""}","{""date"": ""2026-07-15"", ""time"": ""08:30""}","{""date"": ""2026-07-15"", ""time"": ""08:30""}","{""date"": ""2026-07-15"", ""time"": ""08:30""}","{""date"": ""2026-07-15"", ""time"": ""08:30""}","{""date"": ""2026-07-15"", ""time"": ""08:30""}","{""date"": ""2026-07-15"", ""time"": ""08:30""}","{""date"": ""2026-07-15"", ""time"": ""08:30""}","{""date"": ""2026-07-15"", ""time"": ""08:30""}","{""date"": ""2026-07-15"", ""time"": ""08:30""}","{""date"": ""2026-07-15"", ""time"": ""08:30""}","{""date"": ""2026-07-15"", ""time"": ""08:30""}"
change_day:lord_howe:2026-10-04,awkward_offset,change_day,True,False,"{""changes"": true, ""direction"": ""forward""}","{""changes"": true, ""direction"": ""forward""}","{""changes"": true, ""direction"": ""forward""}","{""changes"": true, ""direction"": ""forward""}","{""changes"": true, ""direction"": ""forward""}","{""changes"": true, ""direction"": ""forward""}","{""changes"": true, ""direction"": ""forward""}","{""changes"": true, ""direction"": ""forward""}","{""changes"": true, ""direction"": ""forward""}","{""changes"": true, ""direction"": ""forward""}","{""changes"": true, ""direction"": ""forward""}","{""changes"": true, ""direction"": ""forward""}","{""changes"": true, ""direction"": ""forward""}","{""changes"": true, ""direction"": ""forward""}","{""changes"": true, ""direction"": ""forward""}","{""changes"": true, ""direction"": ""forward""}","{""changes"": true, ""direction"": ""forward""}","{""changes"": true, ""direction"": ""forward""}","{""changes"": true, ""direction"": ""forward""}","{""changes"": true, ""direction"": ""forward""}","{""changes"": true, ""direction"": ""forward""}"
change_day:chatham:2026-09-27,awkward_offset,change_day,True,False,"{""changes"": true, ""direction"": ""forward""}","{""changes"": true, ""direction"": ""forward""}","{""changes"": true, ""direction"": ""forward""}","{""changes"": true, ""direction"": ""forward""}","{""changes"": true, ""direction"": ""forward""}","{""changes"": true, ""direction"": ""forward""}","{""changes"": true, ""direction"": ""forward""}","{""changes"": true, ""direction"": ""forward""}","{""changes"": true, ""direction"": ""forward""}","{""changes"": true, ""direction"": ""forward""}","{""changes"": true, ""direction"": ""forward""}","{""changes"": true, ""direction"": ""forward""}","{""changes"": true, ""direction"": ""forward""}","{""changes"": true, ""direction"": ""forward""}","{""changes"": true, ""direction"": ""forward""}","{""changes"": true, ""direction"": ""forward""}","{""changes"": true, ""direction"": ""forward""}","{""changes"": true, ""direction"": ""forward""}","{""changes"": true, ""direction"": ""forward""}","{""changes"": true, ""direction"": ""forward""}","{""changes"": true, ""direction"": ""forward""}"
change_day:st_johns:2026-11-01,awkward_offset,change_day,True,False,"{""changes"": true, ""direction"": ""back""}","{""changes"": true, ""direction"": ""back""}","{""changes"": true, ""direction"": ""back""}","{""changes"": true, ""direction"": ""back""}","{""changes"": true, ""direction"": ""back""}","{""changes"": true, ""direction"": ""back""}","{""changes"": true, ""direction"": ""back""}","{""changes"": true, ""direction"": ""back""}","{""changes"": true, ""direction"": ""back""}","{""changes"": true, ""direction"": ""back""}","{""changes"": true, ""direction"": ""back""}","{""changes"": true, ""direction"": ""back""}","{""changes"": true, ""direction"": ""back""}","{""changes"": true, ""direction"": ""back""}","{""changes"": true, ""direction"": ""back""}","{""changes"": true, ""direction"": ""back""}","{""changes"": true, ""direction"": ""back""}","{""changes"": true, ""direction"": ""back""}","{""changes"": true, ""direction"": ""back""}","{""changes"": true, ""direction"": ""back""}","{""changes"": true, ""direction"": ""back""}"
change_day:adelaide:2026-10-04,awkward_offset,change_day,True,False,"{""changes"": true, ""direction"": ""forward""}","{""changes"": true, ""direction"": ""forward""}","{""changes"": true, ""direction"": ""forward""}","{""changes"": true, ""direction"": ""forward""}","{""changes"": true, ""direction"": ""forward""}","{""changes"": true, ""direction"": ""forward""}","{""changes"": true, ""direction"": ""forward""}","{""changes"": true, ""direction"": ""forward""}","{""changes"": true, ""direction"": ""forward""}","{""changes"": true, ""direction"": ""forward""}","{""changes"": true, ""direction"": ""forward""}","{""changes"": true, ""direction"": ""forward""}","{""changes"": true, ""direction"": ""forward""}","{""changes"": true, ""direction"": ""forward""}","{""changes"": true, ""direction"": ""forward""}","{""changes"": true, ""direction"": ""forward""}","{""changes"": true, ""direction"": ""forward""}","{""changes"": true, ""direction"": ""forward""}","{""changes"": true, ""direction"": ""forward""}","{""changes"": true, ""direction"": ""forward""}","{""changes"": true, ""direction"": ""forward""}"
offset:santiago:2026-01-15:12:00,southern,offset,True,False,"{""utc_offset"": ""-03:00""}","{""utc_offset"": ""-03:00""}","{""utc_offset"": ""-03:00""}","{""utc_offset"": ""-03:00""}","{""utc_offset"": ""-03:00""}","{""utc_offset"": ""-03:00""}","{""utc_offset"": ""-03:00""}","{""utc_offset"": ""-03:00""}","{""utc_offset"": ""-03:00""}","{""utc_offset"": ""-03:00""}","{""utc_offset"": ""-03:00""}","{""utc_offset"": ""-03:00""}","{""utc_offset"": ""-03:00""}","{""utc_offset"": ""-03:00""}","{""utc_offset"": ""-03:00""}","{""utc_offset"": ""-03:00""}","{""utc_offset"": ""-03:00""}","{""utc_offset"": ""-03:00""}","{""utc_offset"": ""-03:00""}","{""utc_offset"": ""-03:00""}","{""utc_offset"": ""-03:00""}"
offset:santiago:2026-07-15:12:00,southern,offset,True,False,"{""utc_offset"": ""-04:00""}","{""utc_offset"": ""-04:00""}","{""utc_offset"": ""-04:00""}","{""utc_offset"": ""-04:00""}","{""utc_offset"": ""-04:00""}","{""utc_offset"": ""-04:00""}","{""utc_offset"": ""-04:00""}","{""utc_offset"": ""-04:00""}","{""utc_offset"": ""-04:00""}","{""utc_offset"": ""-04:00""}","{""utc_offset"": ""-04:00""}","{""utc_offset"": ""-04:00""}","{""utc_offset"": ""-04:00""}","{""utc_offset"": ""-04:00""}","{""utc_offset"": ""-04:00""}","{""utc_offset"": ""-04:00""}","{""utc_offset"": ""-04:00""}","{""utc_offset"": ""-04:00""}","{""utc_offset"": ""-04:00""}","{""utc_offset"": ""-04:00""}","{""utc_offset"": ""-04:00""}"
offset:auckland:2026-01-15:12:00,southern,offset,True,False,"{""utc_offset"": ""+13:00""}","{""utc_offset"": ""+13:00""}","{""utc_offset"": ""+13:00""}","{""utc_offset"": ""+13:00""}","{""utc_offset"": ""+13:00""}","{""utc_offset"": ""+13:00""}","{""utc_offset"": ""+13:00""}","{""utc_offset"": ""+13:00""}","{""utc_offset"": ""+13:00""}","{""utc_offset"": ""+13:00""}","{""utc_offset"": ""+13:00""}","{""utc_offset"": ""+13:00""}","{""utc_offset"": ""+13:00""}","{""utc_offset"": ""+13:00""}","{""utc_offset"": ""+13:00""}","{""utc_offset"": ""+13:00""}","{""utc_offset"": ""+13:00""}","{""utc_offset"": ""+13:00""}","{""utc_offset"": ""+13:00""}","{""utc_offset"": ""+13:00""}","{""utc_offset"": ""+13:00""}"
offset:auckland:2026-07-15:12:00,southern,offset,True,False,"{""utc_offset"": ""+12:00""}","{""utc_offset"": ""+12:00""}","{""utc_offset"": ""+12:00""}","{""utc_offset"": ""+12:00""}","{""utc_offset"": ""+12:00""}","{""utc_offset"": ""+12:00""}","{""utc_offset"": ""+12:00""}","{""utc_offset"": ""+12:00""}","{""utc_offset"": ""+12:00""}","{""utc_offset"": ""+12:00""}","{""utc_offset"": ""+12:00""}","{""utc_offset"": ""+12:00""}","{""utc_offset"": ""+12:00""}","{""utc_offset"": ""+12:00""}","{""utc_offset"": ""+12:00""}","{""utc_offset"": ""+12:00""}","{""utc_offset"": ""+12:00""}","{""utc_offset"": ""+12:00""}","{""utc_offset"": ""+12:00""}","{""utc_offset"": ""+12:00""}","{""utc_offset"": ""+12:00""}"
offset:sao_paulo:2026-01-15:12:00,southern,offset,True,False,"{""utc_offset"": ""-03:00""}","{""utc_offset"": ""-03:00""}","{""utc_offset"": ""-03:00""}","{""utc_offset"": ""-03:00""}","{""utc_offset"": ""-03:00""}","{""utc_offset"": ""-03:00""}","{""utc_offset"": ""-03:00""}","{""utc_offset"": ""-03:00""}","{""utc_offset"": ""-03:00""}","{""utc_offset"": ""-03:00""}","{""utc_offset"": ""-03:00""}","{""utc_offset"": ""-03:00""}","{""utc_offset"": ""-03:00""}","{""utc_offset"": ""-03:00""}","{""utc_offset"": ""-03:00""}","{""utc_offset"": ""-03:00""}","{""utc_offset"": ""-03:00""}","{""utc_offset"": ""-03:00""}","{""utc_offset"": ""-03:00""}","{""utc_offset"": ""-03:00""}","{""utc_offset"": ""-03:00""}"
offset:windhoek:2026-07-15:12:00,southern,offset,True,False,"{""utc_offset"": ""+02:00""}","{""utc_offset"": ""+02:00""}","{""utc_offset"": ""+02:00""}","{""utc_offset"": ""+02:00""}","{""utc_offset"": ""+02:00""}","{""utc_offset"": ""+02:00""}","{""utc_offset"": ""+02:00""}","{""utc_offset"": ""+02:00""}","{""utc_offset"": ""+02:00""}","{""utc_offset"": ""+02:00""}","{""utc_offset"": ""+02:00""}","{""utc_offset"": ""+02:00""}","{""utc_offset"": ""+02:00""}","{""utc_offset"": ""+02:00""}","{""utc_offset"": ""+02:00""}","{""utc_offset"": ""+02:00""}","{""utc_offset"": ""+02:00""}","{""utc_offset"": ""+02:00""}","{""utc_offset"": ""+02:00""}","{""utc_offset"": ""+02:00""}","{""utc_offset"": ""+02:00""}"
offset:johannesburg:2026-01-15:12:00,southern,offset,True,False,"{""utc_offset"": ""+02:00""}","{""utc_offset"": ""+02:00""}","{""utc_offset"": ""+02:00""}","{""utc_offset"": ""+02:00""}","{""utc_offset"": ""+02:00""}","{""utc_offset"": ""+02:00""}","{""utc_offset"": ""+02:00""}","{""utc_offset"": ""+02:00""}","{""utc_offset"": ""+02:00""}","{""utc_offset"": ""+02:00""}","{""utc_offset"": ""+02:00""}","{""utc_offset"": ""+02:00""}","{""utc_offset"": ""+02:00""}","{""utc_offset"": ""+02:00""}","{""utc_offset"": ""+02:00""}","{""utc_offset"": ""+02:00""}","{""utc_offset"": ""+02:00""}","{""utc_offset"": ""+02:00""}","{""utc_offset"": ""+02:00""}","{""utc_offset"": ""+02:00""}","{""utc_offset"": ""+02:00""}"
offset:melbourne:2026-04-15:12:00,southern,offset,True,False,"{""utc_offset"": ""+10:00""}","{""utc_offset"": ""+10:00""}","{""utc_offset"": ""+10:00""}","{""utc_offset"": ""+10:00""}","{""utc_offset"": ""+10:00""}","{""utc_offset"": ""+10:00""}","{""utc_offset"": ""+10:00""}","{""utc_offset"": ""+10:00""}","{""utc_offset"": ""+10:00""}","{""utc_offset"": ""+10:00""}","{""utc_offset"": ""+10:00""}","{""utc_offset"": ""+10:00""}","{""utc_offset"": ""+10:00""}","{""utc_offset"": ""+10:00""}","{""utc_offset"": ""+10:00""}","{""utc_offset"": ""+10:00""}","{""utc_offset"": ""+10:00""}","{""utc_offset"": ""+10:00""}","{""utc_offset"": ""+10:00""}","{""utc_offset"": ""+10:00""}","{""utc_offset"": ""+10:00""}"
convert:santiago:new_york:2026-01-15:09:00,southern,convert,True,False,"{""date"": ""2026-01-15"", ""time"": ""07:00""}","{""date"": ""2026-01-15"", ""time"": ""07:00""}","{""date"": ""2026-01-15"", ""time"": ""07:00""}","{""date"": ""2026-01-15"", ""time"": ""07:00""}","{""date"": ""2026-01-15"", ""time"": ""07:00""}","{""date"": ""2026-01-15"", ""time"": ""07:00""}","{""date"": ""2026-01-15"", ""time"": ""07:00""}","{""date"": ""2026-01-15"", ""time"": ""07:00""}","{""date"": ""2026-01-15"", ""time"": ""07:00""}","{""date"": ""2026-01-15"", ""time"": ""07:00""}","{""date"": ""2026-01-15"", ""time"": ""07:00""}","{""date"": ""2026-01-15"", ""time"": ""07:00""}","{""date"": ""2026-01-15"", ""time"": ""07:00""}","{""date"": ""2026-01-15"", ""time"": ""07:00""}","{""date"": ""2026-01-15"", ""time"": ""07:00""}","{""date"": ""2026-01-15"", ""time"": ""07:00""}","{""date"": ""2026-01-15"", ""time"": ""07:00""}","{""date"": ""2026-01-15"", ""time"": ""07:00""}","{""date"": ""2026-01-15"", ""time"": ""07:00""}","{""date"": ""2026-01-15"", ""time"": ""07:00""}","{""date"": ""2026-01-15"", ""time"": ""07:00""}"
convert:sydney:london:2026-04-01:09:00,southern,convert,True,False,"{""date"": ""2026-03-31"", ""time"": ""23:00""}","{""date"": ""2026-03-31"", ""time"": ""23:00""}","{""date"": ""2026-03-31"", ""time"": ""23:00""}","{""date"": ""2026-03-31"", ""time"": ""23:00""}","{""date"": ""2026-03-31"", ""time"": ""23:00""}","{""date"": ""2026-03-31"", ""time"": ""23:00""}","{""date"": ""2026-03-31"", ""time"": ""23:00""}","{""date"": ""2026-03-31"", ""time"": ""23:00""}","{""date"": ""2026-03-31"", ""time"": ""23:00""}","{""date"": ""2026-03-31"", ""time"": ""23:00""}","{""date"": ""2026-03-31"", ""time"": ""23:00""}","{""date"": ""2026-03-31"", ""time"": ""23:00""}","{""date"": ""2026-03-31"", ""time"": ""23:00""}","{""date"": ""2026-03-31"", ""time"": ""23:00""}","{""date"": ""2026-03-31"", ""time"": ""23:00""}","{""date"": ""2026-03-31"", ""time"": ""23:00""}","{""date"": ""2026-03-31"", ""time"": ""23:00""}","{""date"": ""2026-03-31"", ""time"": ""23:00""}","{""date"": ""2026-03-31"", ""time"": ""23:00""}","{""date"": ""2026-03-31"", ""time"": ""23:00""}","{""date"": ""2026-03-31"", ""time"": ""23:00""}"
convert:auckland:los_angeles:2026-11-15:09:00,southern,convert,True,False,"{""date"": ""2026-11-14"", ""time"": ""12:00""}","{""date"": ""2026-11-14"", ""time"": ""12:00""}","{""date"": ""2026-11-14"", ""time"": ""12:00""}","{""date"": ""2026-11-14"", ""time"": ""12:00""}","{""date"": ""2026-11-14"", ""time"": ""12:00""}","{""date"": ""2026-11-14"", ""time"": ""12:00""}","{""date"": ""2026-11-14"", ""time"": ""12:00""}","{""date"": ""2026-11-14"", ""time"": ""12:00""}","{""date"": ""2026-11-14"", ""time"": ""12:00""}","{""date"": ""2026-11-14"", ""time"": ""12:00""}","{""date"": ""2026-11-14"", ""time"": ""12:00""}","{""date"": ""2026-11-14"", ""time"": ""12:00""}","{""date"": ""2026-11-14"", ""time"": ""12:00""}","{""date"": ""2026-11-14"", ""time"": ""12:00""}","{""date"": ""2026-11-14"", ""time"": ""12:00""}","{""date"": ""2026-11-14"", ""time"": ""12:00""}","{""date"": ""2026-11-14"", ""time"": ""12:00""}","{""date"": ""2026-11-14"", ""time"": ""12:00""}","{""date"": ""2026-11-14"", ""time"": ""12:00""}","{""date"": ""2026-11-14"", ""time"": ""12:00""}","{""date"": ""2026-11-14"", ""time"": ""12:00""}"
convert:sao_paulo:lisbon:2026-01-15:09:00,southern,convert,True,False,"{""date"": ""2026-01-15"", ""time"": ""12:00""}","{""date"": ""2026-01-15"", ""time"": ""12:00""}","{""date"": ""2026-01-15"", ""time"": ""12:00""}","{""date"": ""2026-01-15"", ""time"": ""12:00""}","{""date"": ""2026-01-15"", ""time"": ""12:00""}","{""date"": ""2026-01-15"", ""time"": ""12:00""}","{""date"": ""2026-01-15"", ""time"": ""12:00""}","{""date"": ""2026-01-15"", ""time"": ""12:00""}","{""date"": ""2026-01-15"", ""time"": ""12:00""}","{""date"": ""2026-01-15"", ""time"": ""12:00""}","{""date"": ""2026-01-15"", ""time"": ""12:00""}","{""date"": ""2026-01-15"", ""time"": ""12:00""}","{""date"": ""2026-01-15"", ""time"": ""12:00""}","{""date"": ""2026-01-15"", ""time"": ""12:00""}","{""date"": ""2026-01-15"", ""time"": ""12:00""}","{""date"": ""2026-01-15"", ""time"": ""12:00""}","{""date"": ""2026-01-15"", ""time"": ""12:00""}","{""date"": ""2026-01-15"", ""time"": ""12:00""}","{""date"": ""2026-01-15"", ""time"": ""12:00""}","{""date"": ""2026-01-15"", ""time"": ""12:00""}","{""date"": ""2026-01-15"", ""time"": ""12:00""}"
offset:santiago:2026-04-10:12:00,southern,offset,True,False,"{""utc_offset"": ""-04:00""}","{""utc_offset"": ""-04:00""}","{""utc_offset"": ""-04:00""}","{""utc_offset"": ""-04:00""}","{""utc_offset"": ""-04:00""}","{""utc_offset"": ""-04:00""}","{""utc_offset"": ""-04:00""}","{""utc_offset"": ""-04:00""}","{""utc_offset"": ""-04:00""}","{""utc_offset"": ""-04:00""}","{""utc_offset"": ""-04:00""}","{""utc_offset"": ""-04:00""}","{""utc_offset"": ""-04:00""}","{""utc_offset"": ""-04:00""}","{""utc_offset"": ""-04:00""}","{""utc_offset"": ""-04:00""}","{""utc_offset"": ""-04:00""}","{""utc_offset"": ""-04:00""}","{""utc_offset"": ""-04:00""}","{""utc_offset"": ""-04:00""}","{""utc_offset"": ""-04:00""}"
change_day:santiago:2026-09-06,southern,change_day,True,False,"{""changes"": true, ""direction"": ""forward""}","{""changes"": true, ""direction"": ""forward""}","{""changes"": true, ""direction"": ""forward""}","{""changes"": true, ""direction"": ""forward""}","{""changes"": true, ""direction"": ""forward""}","{""changes"": true, ""direction"": ""forward""}","{""changes"": true, ""direction"": ""forward""}","{""changes"": true, ""direction"": ""forward""}","{""changes"": true, ""direction"": ""forward""}","{""changes"": true, ""direction"": ""forward""}","{""changes"": true, ""direction"": ""forward""}","{""changes"": true, ""direction"": ""forward""}","{""changes"": true, ""direction"": ""forward""}","{""changes"": true, ""direction"": ""forward""}","{""changes"": true, ""direction"": ""forward""}","{""changes"": true, ""direction"": ""forward""}","{""changes"": true, ""direction"": ""forward""}","{""changes"": true, ""direction"": ""forward""}","{""changes"": true, ""direction"": ""forward""}","{""changes"": true, ""direction"": ""forward""}","{""changes"": true, ""direction"": ""forward""}"
change_day:sydney:2026-04-05,southern,change_day,True,False,"{""changes"": true, ""direction"": ""back""}","{""changes"": true, ""direction"": ""back""}","{""changes"": true, ""direction"": ""back""}","{""changes"": true, ""direction"": ""back""}","{""changes"": true, ""direction"": ""back""}","{""changes"": true, ""direction"": ""back""}","{""changes"": true, ""direction"": ""back""}","{""changes"": true, ""direction"": ""back""}","{""changes"": true, ""direction"": ""back""}","{""changes"": true, ""direction"": ""back""}","{""changes"": true, ""direction"": ""back""}","{""changes"": true, ""direction"": ""back""}","{""changes"": true, ""direction"": ""back""}","{""changes"": true, ""direction"": ""back""}","{""changes"": true, ""direction"": ""back""}","{""changes"": true, ""direction"": ""back""}","{""changes"": true, ""direction"": ""back""}","{""changes"": true, ""direction"": ""back""}","{""changes"": true, ""direction"": ""back""}","{""changes"": true, ""direction"": ""back""}","{""changes"": true, ""direction"": ""back""}"
change_day:sydney:2026-10-04,southern,change_day,True,False,"{""changes"": true, ""direction"": ""forward""}","{""changes"": true, ""direction"": ""forward""}","{""changes"": true, ""direction"": ""forward""}","{""changes"": true, ""direction"": ""forward""}","{""changes"": true, ""direction"": ""forward""}","{""changes"": true, ""direction"": ""forward""}","{""changes"": true, ""direction"": ""forward""}","{""changes"": true, ""direction"": ""forward""}","{""changes"": true, ""direction"": ""forward""}","{""changes"": true, ""direction"": ""forward""}","{""changes"": true, ""direction"": ""forward""}","{""changes"": true, ""direction"": ""forward""}","{""changes"": true, ""direction"": ""forward""}","{""changes"": true, ""direction"": ""forward""}","{""changes"": true, ""direction"": ""forward""}","{""changes"": true, ""direction"": ""forward""}","{""changes"": true, ""direction"": ""forward""}","{""changes"": true, ""direction"": ""forward""}","{""changes"": true, ""direction"": ""forward""}","{""changes"": true, ""direction"": ""forward""}","{""changes"": true, ""direction"": ""forward""}"
change_day:sao_paulo:2026-11-01,southern,change_day,True,False,"{""changes"": false, ""direction"": ""none""}","{""changes"": false, ""direction"": ""none""}","{""changes"": false, ""direction"": ""none""}","{""changes"": false, ""direction"": ""none""}","{""changes"": false, ""direction"": ""none""}","{""changes"": false, ""direction"": ""none""}","{""changes"": false, ""direction"": ""none""}","{""changes"": false, ""direction"": ""none""}","{""changes"": false, ""direction"": ""none""}","{""changes"": false, ""direction"": ""none""}","{""changes"": false, ""direction"": ""none""}","{""changes"": false, ""direction"": ""none""}","{""changes"": false, ""direction"": ""none""}","{""changes"": false, ""direction"": ""none""}","{""changes"": false, ""direction"": ""none""}","{""changes"": false, ""direction"": ""none""}","{""changes"": false, ""direction"": ""none""}","{""changes"": false, ""direction"": ""none""}","{""changes"": false, ""direction"": ""none""}","{""changes"": false, ""direction"": ""none""}","{""changes"": false, ""direction"": ""none""}"
change_day:auckland:2026-09-27,southern,change_day,True,False,"{""changes"": true, ""direction"": ""forward""}","{""changes"": true, ""direction"": ""forward""}","{""changes"": true, ""direction"": ""forward""}","{""changes"": true, ""direction"": ""forward""}","{""changes"": true, ""direction"": ""forward""}","{""changes"": true, ""direction"": ""forward""}","{""changes"": true, ""direction"": ""forward""}","{""changes"": true, ""direction"": ""forward""}","{""changes"": true, ""direction"": ""forward""}","{""changes"": true, ""direction"": ""forward""}","{""changes"": true, ""direction"": ""forward""}","{""changes"": true, ""direction"": ""forward""}","{""changes"": true, ""direction"": ""forward""}","{""changes"": true, ""direction"": ""forward""}","{""changes"": true, ""direction"": ""forward""}","{""changes"": true, ""direction"": ""forward""}","{""changes"": true, ""direction"": ""forward""}","{""changes"": true, ""direction"": ""forward""}","{""changes"": true, ""direction"": ""forward""}","{""changes"": true, ""direction"": ""forward""}","{""changes"": true, ""direction"": ""forward""}"
offset:tehran:2023-07-15:12:00,legislated_2022_2025,offset,True,True,"{""utc_offset"": ""+03:30""}","{""utc_offset"": ""+04:30""}","{""utc_offset"": ""+03:30""}","{""utc_offset"": ""+03:30""}","{""utc_offset"": ""+03:30""}","{""utc_offset"": ""+03:30""}","{""utc_offset"": ""+03:30""}","{""utc_offset"": ""+03:30""}","{""utc_offset"": ""+03:30""}","{""utc_offset"": ""+03:30""}","{""utc_offset"": ""+03:30""}","{""utc_offset"": ""+03:30""}","{""utc_offset"": ""+03:30""}","{""utc_offset"": ""+03:30""}","{""utc_offset"": ""+03:30""}","{""utc_offset"": ""+03:30""}","{""utc_offset"": ""+03:30""}","{""utc_offset"": ""+03:30""}","{""utc_offset"": ""+03:30""}","{""utc_offset"": ""+03:30""}","{""utc_offset"": ""+03:30""}"
offset:amman:2023-01-15:12:00,legislated_2022_2025,offset,True,True,"{""utc_offset"": ""+03:00""}","{""utc_offset"": ""+02:00""}","{""utc_offset"": ""+02:00""}","{""utc_offset"": ""+02:00""}","{""utc_offset"": ""+02:00""}","{""utc_offset"": ""+03:00""}","{""utc_offset"": ""+03:00""}","{""utc_offset"": ""+03:00""}","{""utc_offset"": ""+03:00""}","{""utc_offset"": ""+03:00""}","{""utc_offset"": ""+03:00""}","{""utc_offset"": ""+03:00""}","{""utc_offset"": ""+03:00""}","{""utc_offset"": ""+03:00""}","{""utc_offset"": ""+03:00""}","{""utc_offset"": ""+03:00""}","{""utc_offset"": ""+03:00""}","{""utc_offset"": ""+03:00""}","{""utc_offset"": ""+03:00""}","{""utc_offset"": ""+03:00""}","{""utc_offset"": ""+03:00""}"
offset:damascus:2023-07-15:12:00,legislated_2022_2025,offset,True,False,"{""utc_offset"": ""+03:00""}","{""utc_offset"": ""+03:00""}","{""utc_offset"": ""+03:00""}","{""utc_offset"": ""+03:00""}","{""utc_offset"": ""+03:00""}","{""utc_offset"": ""+03:00""}","{""utc_offset"": ""+03:00""}","{""utc_offset"": ""+03:00""}","{""utc_offset"": ""+03:00""}","{""utc_offset"": ""+03:00""}","{""utc_offset"": ""+03:00""}","{""utc_offset"": ""+03:00""}","{""utc_offset"": ""+03:00""}","{""utc_offset"": ""+03:00""}","{""utc_offset"": ""+03:00""}","{""utc_offset"": ""+03:00""}","{""utc_offset"": ""+03:00""}","{""utc_offset"": ""+03:00""}","{""utc_offset"": ""+03:00""}","{""utc_offset"": ""+03:00""}","{""utc_offset"": ""+03:00""}"
offset:mexico_city:2023-07-15:12:00,legislated_2022_2025,offset,True,True,"{""utc_offset"": ""-06:00""}","{""utc_offset"": ""-05:00""}","{""utc_offset"": ""-05:00""}","{""utc_offset"": ""-05:00""}","{""utc_offset"": ""-05:00""}","{""utc_offset"": ""-05:00""}","{""utc_offset"": ""-06:00""}","{""utc_offset"": ""-06:00""}","{""utc_offset"": ""-06:00""}","{""utc_offset"": ""-06:00""}","{""utc_offset"": ""-06:00""}","{""utc_offset"": ""-06:00""}","{""utc_offset"": ""-06:00""}","{""utc_offset"": ""-06:00""}","{""utc_offset"": ""-06:00""}","{""utc_offset"": ""-06:00""}","{""utc_offset"": ""-06:00""}","{""utc_offset"": ""-06:00""}","{""utc_offset"": ""-06:00""}","{""utc_offset"": ""-06:00""}","{""utc_offset"": ""-06:00""}"
offset:mexico_city:2024-07-15:12:00,legislated_2022_2025,offset,True,True,"{""utc_offset"": ""-06:00""}","{""utc_offset"": ""-05:00""}","{""utc_offset"": ""-05:00""}","{""utc_offset"": ""-05:00""}","{""utc_offset"": ""-05:00""}","{""utc_offset"": ""-05:00""}","{""utc_offset"": ""-06:00""}","{""utc_offset"": ""-06:00""}","{""utc_offset"": ""-06:00""}","{""utc_offset"": ""-06:00""}","{""utc_offset"": ""-06:00""}","{""utc_offset"": ""-06:00""}","{""utc_offset"": ""-06:00""}","{""utc_offset"": ""-06:00""}","{""utc_offset"": ""-06:00""}","{""utc_offset"": ""-06:00""}","{""utc_offset"": ""-06:00""}","{""utc_offset"": ""-06:00""}","{""utc_offset"": ""-06:00""}","{""utc_offset"": ""-06:00""}","{""utc_offset"": ""-06:00""}"
offset:chihuahua:2023-01-15:12:00,legislated_2022_2025,offset,True,True,"{""utc_offset"": ""-06:00""}","{""utc_offset"": ""-07:00""}","{""utc_offset"": ""-07:00""}","{""utc_offset"": ""-07:00""}","{""utc_offset"": ""-07:00""}","{""utc_offset"": ""-07:00""}","{""utc_offset"": ""-06:00""}","{""utc_offset"": ""-06:00""}","{""utc_offset"": ""-06:00""}","{""utc_offset"": ""-06:00""}","{""utc_offset"": ""-06:00""}","{""utc_offset"": ""-06:00""}","{""utc_offset"": ""-06:00""}","{""utc_offset"": ""-06:00""}","{""utc_offset"": ""-06:00""}","{""utc_offset"": ""-06:00""}","{""utc_offset"": ""-06:00""}","{""utc_offset"": ""-06:00""}","{""utc_offset"": ""-06:00""}","{""utc_offset"": ""-06:00""}","{""utc_offset"": ""-06:00""}"
offset:nuuk:2024-01-15:12:00,legislated_2022_2025,offset,True,True,"{""utc_offset"": ""-02:00""}","{""utc_offset"": ""-03:00""}","{""utc_offset"": ""-03:00""}","{""utc_offset"": ""-03:00""}","{""utc_offset"": ""-03:00""}","{""utc_offset"": ""-03:00""}","{""utc_offset"": ""-03:00""}","{""utc_offset"": ""-02:00""}","{""utc_offset"": ""-02:00""}","{""utc_offset"": ""-02:00""}","{""utc_offset"": ""-02:00""}","{""utc_offset"": ""-02:00""}","{""utc_offset"": ""-02:00""}","{""utc_offset"": ""-02:00""}","{""utc_offset"": ""-02:00""}","{""utc_offset"": ""-02:00""}","{""utc_offset"": ""-02:00""}","{""utc_offset"": ""-02:00""}","{""utc_offset"": ""-02:00""}","{""utc_offset"": ""-02:00""}","{""utc_offset"": ""-02:00""}"
offset:nuuk:2024-07-15:12:00,legislated_2022_2025,offset,True,True,"{""utc_offset"": ""-01:00""}","{""utc_offset"": ""-02:00""}","{""utc_offset"": ""-02:00""}","{""utc_offset"": ""-02:00""}","{""utc_offset"": ""-02:00""}","{""utc_offset"": ""-02:00""}","{""utc_offset"": ""-02:00""}","{""utc_offset"": ""-02:00""}","{""utc_offset"": ""-01:00""}","{""utc_offset"": ""-01:00""}","{""utc_offset"": ""-01:00""}","{""utc_offset"": ""-01:00""}","{""utc_offset"": ""-01:00""}","{""utc_offset"": ""-01:00""}","{""utc_offset"": ""-01:00""}","{""utc_offset"": ""-01:00""}","{""utc_offset"": ""-01:00""}","{""utc_offset"": ""-01:00""}","{""utc_offset"": ""-01:00""}","{""utc_offset"": ""-01:00""}","{""utc_offset"": ""-01:00""}"
offset:ittoqqortoormiit:2024-07-15:12:00,legislated_2022_2025,offset,True,True,"{""utc_offset"": ""-01:00""}","{""utc_offset"": ""+00:00""}","{""utc_offset"": ""+00:00""}","{""utc_offset"": ""+00:00""}","{""utc_offset"": ""+00:00""}","{""utc_offset"": ""+00:00""}","{""utc_offset"": ""+00:00""}","{""utc_offset"": ""+00:00""}","{""utc_offset"": ""+00:00""}","{""utc_offset"": ""+00:00""}","{""utc_offset"": ""+00:00""}","{""utc_offset"": ""-01:00""}","{""utc_offset"": ""-01:00""}","{""utc_offset"": ""-01:00""}","{""utc_offset"": ""-01:00""}","{""utc_offset"": ""-01:00""}","{""utc_offset"": ""-01:00""}","{""utc_offset"": ""-01:00""}","{""utc_offset"": ""-01:00""}","{""utc_offset"": ""-01:00""}","{""utc_offset"": ""-01:00""}"
offset:cairo:2023-07-15:12:00,legislated_2022_2025,offset,True,True,"{""utc_offset"": ""+03:00""}","{""utc_offset"": ""+02:00""}","{""utc_offset"": ""+02:00""}","{""utc_offset"": ""+02:00""}","{""utc_offset"": ""+02:00""}","{""utc_offset"": ""+02:00""}","{""utc_offset"": ""+02:00""}","{""utc_offset"": ""+02:00""}","{""utc_offset"": ""+03:00""}","{""utc_offset"": ""+03:00""}","{""utc_offset"": ""+03:00""}","{""utc_offset"": ""+03:00""}","{""utc_offset"": ""+03:00""}","{""utc_offset"": ""+03:00""}","{""utc_offset"": ""+03:00""}","{""utc_offset"": ""+03:00""}","{""utc_offset"": ""+03:00""}","{""utc_offset"": ""+03:00""}","{""utc_offset"": ""+03:00""}","{""utc_offset"": ""+03:00""}","{""utc_offset"": ""+03:00""}"
offset:cairo:2024-07-15:12:00,legislated_2022_2025,offset,True,True,"{""utc_offset"": ""+03:00""}","{""utc_offset"": ""+02:00""}","{""utc_offset"": ""+02:00""}","{""utc_offset"": ""+02:00""}","{""utc_offset"": ""+02:00""}","{""utc_offset"": ""+02:00""}","{""utc_offset"": ""+02:00""}","{""utc_offset"": ""+02:00""}","{""utc_offset"": ""+03:00""}","{""utc_offset"": ""+03:00""}","{""utc_offset"": ""+03:00""}","{""utc_offset"": ""+03:00""}","{""utc_offset"": ""+03:00""}","{""utc_offset"": ""+03:00""}","{""utc_offset"": ""+03:00""}","{""utc_offset"": ""+03:00""}","{""utc_offset"": ""+03:00""}","{""utc_offset"": ""+03:00""}","{""utc_offset"": ""+03:00""}","{""utc_offset"": ""+03:00""}","{""utc_offset"": ""+03:00""}"
offset:almaty:2024-07-15:12:00,legislated_2022_2025,offset,True,True,"{""utc_offset"": ""+05:00""}","{""utc_offset"": ""+06:00""}","{""utc_offset"": ""+06:00""}","{""utc_offset"": ""+06:00""}","{""utc_offset"": ""+06:00""}","{""utc_offset"": ""+06:00""}","{""utc_offset"": ""+06:00""}","{""utc_offset"": ""+06:00""}","{""utc_offset"": ""+06:00""}","{""utc_offset"": ""+06:00""}","{""utc_offset"": ""+06:00""}","{""utc_offset"": ""+06:00""}","{""utc_offset"": ""+05:00""}","{""utc_offset"": ""+05:00""}","{""utc_offset"": ""+05:00""}","{""utc_offset"": ""+05:00""}","{""utc_offset"": ""+05:00""}","{""utc_offset"": ""+05:00""}","{""utc_offset"": ""+05:00""}","{""utc_offset"": ""+05:00""}","{""utc_offset"": ""+05:00""}"
offset:almaty:2025-01-15:12:00,legislated_2022_2025,offset,True,True,"{""utc_offset"": ""+05:00""}","{""utc_offset"": ""+06:00""}","{""utc_offset"": ""+06:00""}","{""utc_offset"": ""+06:00""}","{""utc_offset"": ""+06:00""}","{""utc_offset"": ""+06:00""}","{""utc_offset"": ""+06:00""}","{""utc_offset"": ""+06:00""}","{""utc_offset"": ""+06:00""}","{""utc_offset"": ""+06:00""}","{""utc_offset"": ""+06:00""}","{""utc_offset"": ""+06:00""}","{""utc_offset"": ""+05:00""}","{""utc_offset"": ""+05:00""}","{""utc_offset"": ""+05:00""}","{""utc_offset"": ""+05:00""}","{""utc_offset"": ""+05:00""}","{""utc_offset"": ""+05:00""}","{""utc_offset"": ""+05:00""}","{""utc_offset"": ""+05:00""}","{""utc_offset"": ""+05:00""}"
offset:asuncion:2025-06-15:12:00,legislated_2022_2025,offset,True,True,"{""utc_offset"": ""-03:00""}","{""utc_offset"": ""-04:00""}","{""utc_offset"": ""-04:00""}","{""utc_offset"": ""-04:00""}","{""utc_offset"": ""-04:00""}","{""utc_offset"": ""-04:00""}","{""utc_offset"": ""-04:00""}","{""utc_offset"": ""-04:00""}","{""utc_offset"": ""-04:00""}","{""utc_offset"": ""-04:00""}","{""utc_offset"": ""-04:00""}","{""utc_offset"": ""-04:00""}","{""utc_offset"": ""-04:00""}","{""utc_offset"": ""-04:00""}","{""utc_offset"": ""-03:00""}","{""utc_offset"": ""-03:00""}","{""utc_offset"": ""-03:00""}","{""utc_offset"": ""-03:00""}","{""utc_offset"": ""-03:00""}","{""utc_offset"": ""-03:00""}","{""utc_offset"": ""-03:00""}"
offset:asuncion:2025-01-15:12:00,legislated_2022_2025,offset,True,False,"{""utc_offset"": ""-03:00""}","{""utc_offset"": ""-03:00""}","{""utc_offset"": ""-03:00""}","{""utc_offset"": ""-03:00""}","{""utc_offset"": ""-03:00""}","{""utc_offset"": ""-03:00""}","{""utc_offset"": ""-03:00""}","{""utc_offset"": ""-03:00""}","{""utc_offset"": ""-03:00""}","{""utc_offset"": ""-03:00""}","{""utc_offset"": ""-03:00""}","{""utc_offset"": ""-03:00""}","{""utc_offset"": ""-03:00""}","{""utc_offset"": ""-03:00""}","{""utc_offset"": ""-03:00""}","{""utc_offset"": ""-03:00""}","{""utc_offset"": ""-03:00""}","{""utc_offset"": ""-03:00""}","{""utc_offset"": ""-03:00""}","{""utc_offset"": ""-03:00""}","{""utc_offset"": ""-03:00""}"
offset:coyhaique:2025-07-15:12:00,legislated_2022_2025,offset,True,True,"{""utc_offset"": ""-03:00""}","{""utc_offset"": ""-04:00""}","{""utc_offset"": ""-04:00""}","{""utc_offset"": ""-04:00""}","{""utc_offset"": ""-04:00""}","{""utc_offset"": ""-04:00""}","{""utc_offset"": ""-04:00""}","{""utc_offset"": ""-04:00""}","{""utc_offset"": ""-04:00""}","{""utc_offset"": ""-04:00""}","{""utc_offset"": ""-04:00""}","{""utc_offset"": ""-04:00""}","{""utc_offset"": ""-04:00""}","{""utc_offset"": ""-04:00""}","{""utc_offset"": ""-04:00""}","{""utc_offset"": ""-03:00""}","{""utc_offset"": ""-03:00""}","{""utc_offset"": ""-03:00""}","{""utc_offset"": ""-03:00""}","{""utc_offset"": ""-03:00""}","{""utc_offset"": ""-03:00""}"
offset:suva:2023-01-15:12:00,legislated_2022_2025,offset,True,False,"{""utc_offset"": ""+12:00""}","{""utc_offset"": ""+12:00""}","{""utc_offset"": ""+12:00""}","{""utc_offset"": ""+12:00""}","{""utc_offset"": ""+12:00""}","{""utc_offset"": ""+12:00""}","{""utc_offset"": ""+12:00""}","{""utc_offset"": ""+12:00""}","{""utc_offset"": ""+12:00""}","{""utc_offset"": ""+12:00""}","{""utc_offset"": ""+12:00""}","{""utc_offset"": ""+12:00""}","{""utc_offset"": ""+12:00""}","{""utc_offset"": ""+12:00""}","{""utc_offset"": ""+12:00""}","{""utc_offset"": ""+12:00""}","{""utc_offset"": ""+12:00""}","{""utc_offset"": ""+12:00""}","{""utc_offset"": ""+12:00""}","{""utc_offset"": ""+12:00""}","{""utc_offset"": ""+12:00""}"
convert:mexico_city:chicago:2023-07-15:09:00,legislated_2022_2025,convert,True,True,"{""date"": ""2023-07-15"", ""time"": ""10:00""}","{""date"": ""2023-07-15"", ""time"": ""09:00""}","{""date"": ""2023-07-15"", ""time"": ""09:00""}","{""date"": ""2023-07-15"", ""time"": ""09:00""}","{""date"": ""2023-07-15"", ""time"": ""09:00""}","{""date"": ""2023-07-15"", ""time"": ""09:00""}","{""date"": ""2023-07-15"", ""time"": ""10:00""}","{""date"": ""2023-07-15"", ""time"": ""10:00""}","{""date"": ""2023-07-15"", ""time"": ""10:00""}","{""date"": ""2023-07-15"", ""time"": ""10:00""}","{""date"": ""2023-07-15"", ""time"": ""10:00""}","{""date"": ""2023-07-15"", ""time"": ""10:00""}","{""date"": ""2023-07-15"", ""time"": ""10:00""}","{""date"": ""2023-07-15"", ""time"": ""10:00""}","{""date"": ""2023-07-15"", ""time"": ""10:00""}","{""date"": ""2023-07-15"", ""time"": ""10:00""}","{""date"": ""2023-07-15"", ""time"": ""10:00""}","{""date"": ""2023-07-15"", ""time"": ""10:00""}","{""date"": ""2023-07-15"", ""time"": ""10:00""}","{""date"": ""2023-07-15"", ""time"": ""10:00""}","{""date"": ""2023-07-15"", ""time"": ""10:00""}"
convert:almaty:moscow:2024-07-15:09:00,legislated_2022_2025,convert,True,True,"{""date"": ""2024-07-15"", ""time"": ""07:00""}","{""date"": ""2024-07-15"", ""time"": ""06:00""}","{""date"": ""2024-07-15"", ""time"": ""06:00""}","{""date"": ""2024-07-15"", ""time"": ""06:00""}","{""date"": ""2024-07-15"", ""time"": ""06:00""}","{""date"": ""2024-07-15"", ""time"": ""06:00""}","{""date"": ""2024-07-15"", ""time"": ""06:00""}","{""date"": ""2024-07-15"", ""time"": ""06:00""}","{""date"": ""2024-07-15"", ""time"": ""06:00""}","{""date"": ""2024-07-15"", ""time"": ""06:00""}","{""date"": ""2024-07-15"", ""time"": ""06:00""}","{""date"": ""2024-07-15"", ""time"": ""06:00""}","{""date"": ""2024-07-15"", ""time"": ""07:00""}","{""date"": ""2024-07-15"", ""time"": ""07:00""}","{""date"": ""2024-07-15"", ""time"": ""07:00""}","{""date"": ""2024-07-15"", ""time"": ""07:00""}","{""date"": ""2024-07-15"", ""time"": ""07:00""}","{""date"": ""2024-07-15"", ""time"": ""07:00""}","{""date"": ""2024-07-15"", ""time"": ""07:00""}","{""date"": ""2024-07-15"", ""time"": ""07:00""}","{""date"": ""2024-07-15"", ""time"": ""07:00""}"
convert:asuncion:buenos_aires:2025-06-15:09:00,legislated_2022_2025,convert,True,True,"{""date"": ""2025-06-15"", ""time"": ""09:00""}","{""date"": ""2025-06-15"", ""time"": ""10:00""}","{""date"": ""2025-06-15"", ""time"": ""10:00""}","{""date"": ""2025-06-15"", ""time"": ""10:00""}","{""date"": ""2025-06-15"", ""time"": ""10:00""}","{""date"": ""2025-06-15"", ""time"": ""10:00""}","{""date"": ""2025-06-15"", ""time"": ""10:00""}","{""date"": ""2025-06-15"", ""time"": ""10:00""}","{""date"": ""2025-06-15"", ""time"": ""10:00""}","{""date"": ""2025-06-15"", ""time"": ""10:00""}","{""date"": ""2025-06-15"", ""time"": ""10:00""}","{""date"": ""2025-06-15"", ""time"": ""10:00""}","{""date"": ""2025-06-15"", ""time"": ""10:00""}","{""date"": ""2025-06-15"", ""time"": ""10:00""}","{""date"": ""2025-06-15"", ""time"": ""09:00""}","{""date"": ""2025-06-15"", ""time"": ""09:00""}","{""date"": ""2025-06-15"", ""time"": ""09:00""}","{""date"": ""2025-06-15"", ""time"": ""09:00""}","{""date"": ""2025-06-15"", ""time"": ""09:00""}","{""date"": ""2025-06-15"", ""time"": ""09:00""}","{""date"": ""2025-06-15"", ""time"": ""09:00""}"
convert:tehran:dubai:2023-07-15:09:00,legislated_2022_2025,convert,True,True,"{""date"": ""2023-07-15"", ""time"": ""09:30""}","{""date"": ""2023-07-15"", ""time"": ""08:30""}","{""date"": ""2023-07-15"", ""time"": ""09:30""}","{""date"": ""2023-07-15"", ""time"": ""09:30""}","{""date"": ""2023-07-15"", ""time"": ""09:30""}","{""date"": ""2023-07-15"", ""time"": ""09:30""}","{""date"": ""2023-07-15"", ""time"": ""09:30""}","{""date"": ""2023-07-15"", ""time"": ""09:30""}","{""date"": ""2023-07-15"", ""time"": ""09:30""}","{""date"": ""2023-07-15"", ""time"": ""09:30""}","{""date"": ""2023-07-15"", ""time"": ""09:30""}","{""date"": ""2023-07-15"", ""time"": ""09:30""}","{""date"": ""2023-07-15"", ""time"": ""09:30""}","{""date"": ""2023-07-15"", ""time"": ""09:30""}","{""date"": ""2023-07-15"", ""time"": ""09:30""}","{""date"": ""2023-07-15"", ""time"": ""09:30""}","{""date"": ""2023-07-15"", ""time"": ""09:30""}","{""date"": ""2023-07-15"", ""time"": ""09:30""}","{""date"": ""2023-07-15"", ""time"": ""09:30""}","{""date"": ""2023-07-15"", ""time"": ""09:30""}","{""date"": ""2023-07-15"", ""time"": ""09:30""}"
convert:cairo:athens:2023-07-15:09:00,legislated_2022_2025,convert,True,True,"{""date"": ""2023-07-15"", ""time"": ""09:00""}","{""date"": ""2023-07-15"", ""time"": ""10:00""}","{""date"": ""2023-07-15"", ""time"": ""10:00""}","{""date"": ""2023-07-15"", ""time"": ""10:00""}","{""date"": ""2023-07-15"", ""time"": ""10:00""}","{""date"": ""2023-07-15"", ""time"": ""10:00""}","{""date"": ""2023-07-15"", ""time"": ""10:00""}","{""date"": ""2023-07-15"", ""time"": ""10:00""}","{""date"": ""2023-07-15"", ""time"": ""09:00""}","{""date"": ""2023-07-15"", ""time"": ""09:00""}","{""date"": ""2023-07-15"", ""time"": ""09:00""}","{""date"": ""2023-07-15"", ""time"": ""09:00""}","{""date"": ""2023-07-15"", ""time"": ""09:00""}","{""date"": ""2023-07-15"", ""time"": ""09:00""}","{""date"": ""2023-07-15"", ""time"": ""09:00""}","{""date"": ""2023-07-15"", ""time"": ""09:00""}","{""date"": ""2023-07-15"", ""time"": ""09:00""}","{""date"": ""2023-07-15"", ""time"": ""09:00""}","{""date"": ""2023-07-15"", ""time"": ""09:00""}","{""date"": ""2023-07-15"", ""time"": ""09:00""}","{""date"": ""2023-07-15"", ""time"": ""09:00""}"
convert:amman:jerusalem:2023-01-15:09:00,legislated_2022_2025,convert,True,True,"{""date"": ""2023-01-15"", ""time"": ""08:00""}","{""date"": ""2023-01-15"", ""time"": ""09:00""}","{""date"": ""2023-01-15"", ""time"": ""09:00""}","{""date"": ""2023-01-15"", ""time"": ""09:00""}","{""date"": ""2023-01-15"", ""time"": ""09:00""}","{""date"": ""2023-01-15"", ""time"": ""08:00""}","{""date"": ""2023-01-15"", ""time"": ""08:00""}","{""date"": ""2023-01-15"", ""time"": ""08:00""}","{""date"": ""2023-01-15"", ""time"": ""08:00""}","{""date"": ""2023-01-15"", ""time"": ""08:00""}","{""date"": ""2023-01-15"", ""time"": ""08:00""}","{""date"": ""2023-01-15"", ""time"": ""08:00""}","{""date"": ""2023-01-15"", ""time"": ""08:00""}","{""date"": ""2023-01-15"", ""time"": ""08:00""}","{""date"": ""2023-01-15"", ""time"": ""08:00""}","{""date"": ""2023-01-15"", ""time"": ""08:00""}","{""date"": ""2023-01-15"", ""time"": ""08:00""}","{""date"": ""2023-01-15"", ""time"": ""08:00""}","{""date"": ""2023-01-15"", ""time"": ""08:00""}","{""date"": ""2023-01-15"", ""time"": ""08:00""}","{""date"": ""2023-01-15"", ""time"": ""08:00""}"
change_day:mexico_city:2023-04-02,legislated_2022_2025,change_day,True,True,"{""changes"": false, ""direction"": ""none""}","{""changes"": true, ""direction"": ""forward""}","{""changes"": true, ""direction"": ""forward""}","{""changes"": true, ""direction"": ""forward""}","{""changes"": true, ""direction"": ""forward""}","{""changes"": true, ""direction"": ""forward""}","{""changes"": false, ""direction"": ""none""}","{""changes"": false, ""direction"": ""none""}","{""changes"": false, ""direction"": ""none""}","{""changes"": false, ""direction"": ""none""}","{""changes"": false, ""direction"": ""none""}","{""changes"": false, ""direction"": ""none""}","{""changes"": false, ""direction"": ""none""}","{""changes"": false, ""direction"": ""none""}","{""changes"": false, ""direction"": ""none""}","{""changes"": false, ""direction"": ""none""}","{""changes"": false, ""direction"": ""none""}","{""changes"": false, ""direction"": ""none""}","{""changes"": false, ""direction"": ""none""}","{""changes"": false, ""direction"": ""none""}","{""changes"": false, ""direction"": ""none""}"
change_day:mexico_city:2022-10-30,legislated_2022_2025,change_day,True,False,"{""changes"": true, ""direction"": ""back""}","{""changes"": true, ""direction"": ""back""}","{""changes"": true, ""direction"": ""back""}","{""changes"": true, ""direction"": ""back""}","{""changes"": true, ""direction"": ""back""}","{""changes"": true, ""direction"": ""back""}","{""changes"": true, ""direction"": ""back""}","{""changes"": true, ""direction"": ""back""}","{""changes"": true, ""direction"": ""back""}","{""changes"": true, ""direction"": ""back""}","{""changes"": true, ""direction"": ""back""}","{""changes"": true, ""direction"": ""back""}","{""changes"": true, ""direction"": ""back""}","{""changes"": true, ""direction"": ""back""}","{""changes"": true, ""direction"": ""back""}","{""changes"": true, ""direction"": ""back""}","{""changes"": true, ""direction"": ""back""}","{""changes"": true, ""direction"": ""back""}","{""changes"": true, ""direction"": ""back""}","{""changes"": true, ""direction"": ""back""}","{""changes"": true, ""direction"": ""back""}"
change_day:tehran:2023-03-22,legislated_2022_2025,change_day,True,True,"{""changes"": false, ""direction"": ""none""}","{""changes"": true, ""direction"": ""forward""}","{""changes"": false, ""direction"": ""none""}","{""changes"": false, ""direction"": ""none""}","{""changes"": false, ""direction"": ""none""}","{""changes"": false, ""direction"": ""none""}","{""changes"": false, ""direction"": ""none""}","{""changes"": false, ""direction"": ""none""}","{""changes"": false, ""direction"": ""none""}","{""changes"": false, ""direction"": ""none""}","{""changes"": false, ""direction"": ""none""}","{""changes"": false, ""direction"": ""none""}","{""changes"": false, ""direction"": ""none""}","{""changes"": false, ""direction"": ""none""}","{""changes"": false, ""direction"": ""none""}","{""changes"": false, ""direction"": ""none""}","{""changes"": false, ""direction"": ""none""}","{""changes"": false, ""direction"": ""none""}","{""changes"": false, ""direction"": ""none""}","{""changes"": false, ""direction"": ""none""}","{""changes"": false, ""direction"": ""none""}"
change_day:amman:2022-10-28,legislated_2022_2025,change_day,True,True,"{""changes"": false, ""direction"": ""none""}","{""changes"": true, ""direction"": ""back""}","{""changes"": true, ""direction"": ""back""}","{""changes"": true, ""direction"": ""back""}","{""changes"": true, ""direction"": ""back""}","{""changes"": false, ""direction"": ""none""}","{""changes"": false, ""direction"": ""none""}","{""changes"": false, ""direction"": ""none""}","{""changes"": false, ""direction"": ""none""}","{""changes"": false, ""direction"": ""none""}","{""changes"": false, ""direction"": ""none""}","{""changes"": false, ""direction"": ""none""}","{""changes"": false, ""direction"": ""none""}","{""changes"": false, ""direction"": ""none""}","{""changes"": false, ""direction"": ""none""}","{""changes"": false, ""direction"": ""none""}","{""changes"": false, ""direction"": ""none""}","{""changes"": false, ""direction"": ""none""}","{""changes"": false, ""direction"": ""none""}","{""changes"": false, ""direction"": ""none""}","{""changes"": false, ""direction"": ""none""}"
change_day:cairo:2023-04-28,legislated_2022_2025,change_day,True,True,"{""changes"": true, ""direction"": ""forward""}","{""changes"": false, ""direction"": ""none""}","{""changes"": false, ""direction"": ""none""}","{""changes"": false, ""direction"": ""none""}","{""changes"": false, ""direction"": ""none""}","{""changes"": false, ""direction"": ""none""}","{""changes"": false, ""direction"": ""none""}","{""changes"": false, ""direction"": ""none""}","{""changes"": true, ""direction"": ""forward""}","{""changes"": true, ""direction"": ""forward""}","{""changes"": true, ""direction"": ""forward""}","{""changes"": true, ""direction"": ""forward""}","{""changes"": true, ""direction"": ""forward""}","{""changes"": true, ""direction"": ""forward""}","{""changes"": true, ""direction"": ""forward""}","{""changes"": true, ""direction"": ""forward""}","{""changes"": true, ""direction"": ""forward""}","{""changes"": true, ""direction"": ""forward""}","{""changes"": true, ""direction"": ""forward""}","{""changes"": true, ""direction"": ""forward""}","{""changes"": true, ""direction"": ""forward""}"
offset:almaty:2024-03-05:12:00,legislated_2022_2025,offset,True,True,"{""utc_offset"": ""+05:00""}","{""utc_offset"": ""+06:00""}","{""utc_offset"": ""+06:00""}","{""utc_offset"": ""+06:00""}","{""utc_offset"": ""+06:00""}","{""utc_offset"": ""+06:00""}","{""utc_offset"": ""+06:00""}","{""utc_offset"": ""+06:00""}","{""utc_offset"": ""+06:00""}","{""utc_offset"": ""+06:00""}","{""utc_offset"": ""+06:00""}","{""utc_offset"": ""+06:00""}","{""utc_offset"": ""+05:00""}","{""utc_offset"": ""+05:00""}","{""utc_offset"": ""+05:00""}","{""utc_offset"": ""+05:00""}","{""utc_offset"": ""+05:00""}","{""utc_offset"": ""+05:00""}","{""utc_offset"": ""+05:00""}","{""utc_offset"": ""+05:00""}","{""utc_offset"": ""+05:00""}"
offset:asuncion:2025-03-25:12:00,legislated_2022_2025,offset,True,True,"{""utc_offset"": ""-03:00""}","{""utc_offset"": ""-04:00""}","{""utc_offset"": ""-04:00""}","{""utc_offset"": ""-04:00""}","{""utc_offset"": ""-04:00""}","{""utc_offset"": ""-04:00""}","{""utc_offset"": ""-04:00""}","{""utc_offset"": ""-04:00""}","{""utc_offset"": ""-04:00""}","{""utc_offset"": ""-04:00""}","{""utc_offset"": ""-04:00""}","{""utc_offset"": ""-04:00""}","{""utc_offset"": ""-04:00""}","{""utc_offset"": ""-04:00""}","{""utc_offset"": ""-03:00""}","{""utc_offset"": ""-03:00""}","{""utc_offset"": ""-03:00""}","{""utc_offset"": ""-03:00""}","{""utc_offset"": ""-03:00""}","{""utc_offset"": ""-03:00""}","{""utc_offset"": ""-03:00""}"
change_day:asuncion:2024-10-06,legislated_2022_2025,change_day,True,False,"{""changes"": true, ""direction"": ""forward""}","{""changes"": true, ""direction"": ""forward""}","{""changes"": true, ""direction"": ""forward""}","{""changes"": true, ""direction"": ""forward""}","{""changes"": true, ""direction"": ""forward""}","{""changes"": true, ""direction"": ""forward""}","{""changes"": true, ""direction"": ""forward""}","{""changes"": true, ""direction"": ""forward""}","{""changes"": true, ""direction"": ""forward""}","{""changes"": true, ""direction"": ""forward""}","{""changes"": true, ""direction"": ""forward""}","{""changes"": true, ""direction"": ""forward""}","{""changes"": true, ""direction"": ""forward""}","{""changes"": true, ""direction"": ""forward""}","{""changes"": true, ""direction"": ""forward""}","{""changes"": true, ""direction"": ""forward""}","{""changes"": true, ""direction"": ""forward""}","{""changes"": true, ""direction"": ""forward""}","{""changes"": true, ""direction"": ""forward""}","{""changes"": true, ""direction"": ""forward""}","{""changes"": true, ""direction"": ""forward""}"
offset:vancouver:2026-11-15:12:00,wave_2026,offset,True,True,"{""utc_offset"": ""-07:00""}","{""utc_offset"": ""-08:00""}","{""utc_offset"": ""-08:00""}","{""utc_offset"": ""-08:00""}","{""utc_offset"": ""-08:00""}","{""utc_offset"": ""-08:00""}","{""utc_offset"": ""-08:00""}","{""utc_offset"": ""-08:00""}","{""utc_offset"": ""-08:00""}","{""utc_offset"": ""-08:00""}","{""utc_offset"": ""-08:00""}","{""utc_offset"": ""-08:00""}","{""utc_offset"": ""-08:00""}","{""utc_offset"": ""-08:00""}","{""utc_offset"": ""-08:00""}","{""utc_offset"": ""-08:00""}","{""utc_offset"": ""-08:00""}","{""utc_offset"": ""-08:00""}","{""utc_offset"": ""-07:00""}","{""utc_offset"": ""-07:00""}","{""utc_offset"": ""-07:00""}"
offset:vancouver:2026-12-15:12:00,wave_2026,offset,True,True,"{""utc_offset"": ""-07:00""}","{""utc_offset"": ""-08:00""}","{""utc_offset"": ""-08:00""}","{""utc_offset"": ""-08:00""}","{""utc_offset"": ""-08:00""}","{""utc_offset"": ""-08:00""}","{""utc_offset"": ""-08:00""}","{""utc_offset"": ""-08:00""}","{""utc_offset"": ""-08:00""}","{""utc_offset"": ""-08:00""}","{""utc_offset"": ""-08:00""}","{""utc_offset"": ""-08:00""}","{""utc_offset"": ""-08:00""}","{""utc_offset"": ""-08:00""}","{""utc_offset"": ""-08:00""}","{""utc_offset"": ""-08:00""}","{""utc_offset"": ""-08:00""}","{""utc_offset"": ""-08:00""}","{""utc_offset"": ""-07:00""}","{""utc_offset"": ""-07:00""}","{""utc_offset"": ""-07:00""}"
offset:vancouver:2026-07-15:12:00,wave_2026,offset,True,False,"{""utc_offset"": ""-07:00""}","{""utc_offset"": ""-07:00""}","{""utc_offset"": ""-07:00""}","{""utc_offset"": ""-07:00""}","{""utc_offset"": ""-07:00""}","{""utc_offset"": ""-07:00""}","{""utc_offset"": ""-07:00""}","{""utc_offset"": ""-07:00""}","{""utc_offset"": ""-07:00""}","{""utc_offset"": ""-07:00""}","{""utc_offset"": ""-07:00""}","{""utc_offset"": ""-07:00""}","{""utc_offset"": ""-07:00""}","{""utc_offset"": ""-07:00""}","{""utc_offset"": ""-07:00""}","{""utc_offset"": ""-07:00""}","{""utc_offset"": ""-07:00""}","{""utc_offset"": ""-07:00""}","{""utc_offset"": ""-07:00""}","{""utc_offset"": ""-07:00""}","{""utc_offset"": ""-07:00""}"
offset:fort_nelson:2026-11-15:12:00,wave_2026,offset,True,False,"{""utc_offset"": ""-07:00""}","{""utc_offset"": ""-07:00""}","{""utc_offset"": ""-07:00""}","{""utc_offset"": ""-07:00""}","{""utc_offset"": ""-07:00""}","{""utc_offset"": ""-07:00""}","{""utc_offset"": ""-07:00""}","{""utc_offset"": ""-07:00""}","{""utc_offset"": ""-07:00""}","{""utc_offset"": ""-07:00""}","{""utc_offset"": ""-07:00""}","{""utc_offset"": ""-07:00""}","{""utc_offset"": ""-07:00""}","{""utc_offset"": ""-07:00""}","{""utc_offset"": ""-07:00""}","{""utc_offset"": ""-07:00""}","{""utc_offset"": ""-07:00""}","{""utc_offset"": ""-07:00""}","{""utc_offset"": ""-07:00""}","{""utc_offset"": ""-07:00""}","{""utc_offset"": ""-07:00""}"
offset:calgary:2026-11-15:12:00,wave_2026,offset,True,True,"{""utc_offset"": ""-06:00""}","{""utc_offset"": ""-07:00""}","{""utc_offset"": ""-07:00""}","{""utc_offset"": ""-07:00""}","{""utc_offset"": ""-07:00""}","{""utc_offset"": ""-07:00""}","{""utc_offset"": ""-07:00""}","{""utc_offset"": ""-07:00""}","{""utc_offset"": ""-07:00""}","{""utc_offset"": ""-07:00""}","{""utc_offset"": ""-07:00""}","{""utc_offset"": ""-07:00""}","{""utc_offset"": ""-07:00""}","{""utc_offset"": ""-07:00""}","{""utc_offset"": ""-07:00""}","{""utc_offset"": ""-07:00""}","{""utc_offset"": ""-07:00""}","{""utc_offset"": ""-07:00""}","{""utc_offset"": ""-07:00""}","{""utc_offset"": ""-06:00""}","{""utc_offset"": ""-06:00""}"
offset:edmonton:2026-12-15:12:00,wave_2026,offset,True,True,"{""utc_offset"": ""-06:00""}","{""utc_offset"": ""-07:00""}","{""utc_offset"": ""-07:00""}","{""utc_offset"": ""-07:00""}","{""utc_offset"": ""-07:00""}","{""utc_offset"": ""-07:00""}","{""utc_offset"": ""-07:00""}","{""utc_offset"": ""-07:00""}","{""utc_offset"": ""-07:00""}","{""utc_offset"": ""-07:00""}","{""utc_offset"": ""-07:00""}","{""utc_offset"": ""-07:00""}","{""utc_offset"": ""-07:00""}","{""utc_offset"": ""-07:00""}","{""utc_offset"": ""-07:00""}","{""utc_offset"": ""-07:00""}","{""utc_offset"": ""-07:00""}","{""utc_offset"": ""-07:00""}","{""utc_offset"": ""-07:00""}","{""utc_offset"": ""-06:00""}","{""utc_offset"": ""-06:00""}"
offset:yellowknife:2026-11-15:12:00,wave_2026,offset,True,True,"{""utc_offset"": ""-06:00""}","{""utc_offset"": ""-07:00""}","{""utc_offset"": ""-07:00""}","{""utc_offset"": ""-07:00""}","{""utc_offset"": ""-07:00""}","{""utc_offset"": ""-07:00""}","{""utc_offset"": ""-07:00""}","{""utc_offset"": ""-07:00""}","{""utc_offset"": ""-07:00""}","{""utc_offset"": ""-07:00""}","{""utc_offset"": ""-07:00""}","{""utc_offset"": ""-07:00""}","{""utc_offset"": ""-07:00""}","{""utc_offset"": ""-07:00""}","{""utc_offset"": ""-07:00""}","{""utc_offset"": ""-07:00""}","{""utc_offset"": ""-07:00""}","{""utc_offset"": ""-07:00""}","{""utc_offset"": ""-07:00""}","{""utc_offset"": ""-06:00""}","{""utc_offset"": ""-06:00""}"
offset:inuvik:2026-11-15:12:00,wave_2026,offset,True,True,"{""utc_offset"": ""-06:00""}","{""utc_offset"": ""-07:00""}","{""utc_offset"": ""-07:00""}","{""utc_offset"": ""-07:00""}","{""utc_offset"": ""-07:00""}","{""utc_offset"": ""-07:00""}","{""utc_offset"": ""-07:00""}","{""utc_offset"": ""-07:00""}","{""utc_offset"": ""-07:00""}","{""utc_offset"": ""-07:00""}","{""utc_offset"": ""-07:00""}","{""utc_offset"": ""-07:00""}","{""utc_offset"": ""-07:00""}","{""utc_offset"": ""-07:00""}","{""utc_offset"": ""-07:00""}","{""utc_offset"": ""-07:00""}","{""utc_offset"": ""-07:00""}","{""utc_offset"": ""-07:00""}","{""utc_offset"": ""-07:00""}","{""utc_offset"": ""-07:00""}","{""utc_offset"": ""-06:00""}"
offset:casablanca:2026-10-15:12:00,wave_2026,offset,True,True,"{""utc_offset"": ""+00:00""}","{""utc_offset"": ""+01:00""}","{""utc_offset"": ""+01:00""}","{""utc_offset"": ""+01:00""}","{""utc_offset"": ""+01:00""}","{""utc_offset"": ""+01:00""}","{""utc_offset"": ""+01:00""}","{""utc_offset"": ""+01:00""}","{""utc_offset"": ""+01:00""}","{""utc_offset"": ""+01:00""}","{""utc_offset"": ""+01:00""}","{""utc_offset"": ""+01:00""}","{""utc_offset"": ""+01:00""}","{""utc_offset"": ""+01:00""}","{""utc_offset"": ""+01:00""}","{""utc_offset"": ""+01:00""}","{""utc_offset"": ""+01:00""}","{""utc_offset"": ""+01:00""}","{""utc_offset"": ""+01:00""}","{""utc_offset"": ""+00:00""}","{""utc_offset"": ""+00:00""}"
offset:casablanca:2026-12-15:12:00,wave_2026,offset,True,True,"{""utc_offset"": ""+00:00""}","{""utc_offset"": ""+01:00""}","{""utc_offset"": ""+01:00""}","{""utc_offset"": ""+01:00""}","{""utc_offset"": ""+01:00""}","{""utc_offset"": ""+01:00""}","{""utc_offset"": ""+01:00""}","{""utc_offset"": ""+01:00""}","{""utc_offset"": ""+01:00""}","{""utc_offset"": ""+01:00""}","{""utc_offset"": ""+01:00""}","{""utc_offset"": ""+01:00""}","{""utc_offset"": ""+01:00""}","{""utc_offset"": ""+01:00""}","{""utc_offset"": ""+01:00""}","{""utc_offset"": ""+01:00""}","{""utc_offset"": ""+01:00""}","{""utc_offset"": ""+01:00""}","{""utc_offset"": ""+01:00""}","{""utc_offset"": ""+00:00""}","{""utc_offset"": ""+00:00""}"
convert:calgary:toronto:2026-11-15:09:00,wave_2026,convert,True,True,"{""date"": ""2026-11-15"", ""time"": ""10:00""}","{""date"": ""2026-11-15"", ""time"": ""11:00""}","{""date"": ""2026-11-15"", ""time"": ""11:00""}","{""date"": ""2026-11-15"", ""time"": ""11:00""}","{""date"": ""2026-11-15"", ""time"": ""11:00""}","{""date"": ""2026-11-15"", ""time"": ""11:00""}","{""date"": ""2026-11-15"", ""time"": ""11:00""}","{""date"": ""2026-11-15"", ""time"": ""11:00""}","{""date"": ""2026-11-15"", ""time"": ""11:00""}","{""date"": ""2026-11-15"", ""time"": ""11:00""}","{""date"": ""2026-11-15"", ""time"": ""11:00""}","{""date"": ""2026-11-15"", ""time"": ""11:00""}","{""date"": ""2026-11-15"", ""time"": ""11:00""}","{""date"": ""2026-11-15"", ""time"": ""11:00""}","{""date"": ""2026-11-15"", ""time"": ""11:00""}","{""date"": ""2026-11-15"", ""time"": ""11:00""}","{""date"": ""2026-11-15"", ""time"": ""11:00""}","{""date"": ""2026-11-15"", ""time"": ""11:00""}","{""date"": ""2026-11-15"", ""time"": ""11:00""}","{""date"": ""2026-11-15"", ""time"": ""10:00""}","{""date"": ""2026-11-15"", ""time"": ""10:00""}"
convert:vancouver:seattle:2026-11-15:09:00,wave_2026,convert,True,True,"{""date"": ""2026-11-15"", ""time"": ""08:00""}","{""date"": ""2026-11-15"", ""time"": ""09:00""}","{""date"": ""2026-11-15"", ""time"": ""09:00""}","{""date"": ""2026-11-15"", ""time"": ""09:00""}","{""date"": ""2026-11-15"", ""time"": ""09:00""}","{""date"": ""2026-11-15"", ""time"": ""09:00""}","{""date"": ""2026-11-15"", ""time"": ""09:00""}","{""date"": ""2026-11-15"", ""time"": ""09:00""}","{""date"": ""2026-11-15"", ""time"": ""09:00""}","{""date"": ""2026-11-15"", ""time"": ""09:00""}","{""date"": ""2026-11-15"", ""time"": ""09:00""}","{""date"": ""2026-11-15"", ""time"": ""09:00""}","{""date"": ""2026-11-15"", ""time"": ""09:00""}","{""date"": ""2026-11-15"", ""time"": ""09:00""}","{""date"": ""2026-11-15"", ""time"": ""09:00""}","{""date"": ""2026-11-15"", ""time"": ""09:00""}","{""date"": ""2026-11-15"", ""time"": ""09:00""}","{""date"": ""2026-11-15"", ""time"": ""09:00""}","{""date"": ""2026-11-15"", ""time"": ""08:00""}","{""date"": ""2026-11-15"", ""time"": ""08:00""}","{""date"": ""2026-11-15"", ""time"": ""08:00""}"
convert:calgary:denver:2026-11-15:09:00,wave_2026,convert,True,True,"{""date"": ""2026-11-15"", ""time"": ""08:00""}","{""date"": ""2026-11-15"", ""time"": ""09:00""}","{""date"": ""2026-11-15"", ""time"": ""09:00""}","{""date"": ""2026-11-15"", ""time"": ""09:00""}","{""date"": ""2026-11-15"", ""time"": ""09:00""}","{""date"": ""2026-11-15"", ""time"": ""09:00""}","{""date"": ""2026-11-15"", ""time"": ""09:00""}","{""date"": ""2026-11-15"", ""time"": ""09:00""}","{""date"": ""2026-11-15"", ""time"": ""09:00""}","{""date"": ""2026-11-15"", ""time"": ""09:00""}","{""date"": ""2026-11-15"", ""time"": ""09:00""}","{""date"": ""2026-11-15"", ""time"": ""09:00""}","{""date"": ""2026-11-15"", ""time"": ""09:00""}","{""date"": ""2026-11-15"", ""time"": ""09:00""}","{""date"": ""2026-11-15"", ""time"": ""09:00""}","{""date"": ""2026-11-15"", ""time"": ""09:00""}","{""date"": ""2026-11-15"", ""time"": ""09:00""}","{""date"": ""2026-11-15"", ""time"": ""09:00""}","{""date"": ""2026-11-15"", ""time"": ""09:00""}","{""date"": ""2026-11-15"", ""time"": ""08:00""}","{""date"": ""2026-11-15"", ""time"": ""08:00""}"
convert:casablanca:paris:2026-10-15:09:00,wave_2026,convert,True,True,"{""date"": ""2026-10-15"", ""time"": ""11:00""}","{""date"": ""2026-10-15"", ""time"": ""10:00""}","{""date"": ""2026-10-15"", ""time"": ""10:00""}","{""date"": ""2026-10-15"", ""time"": ""10:00""}","{""date"": ""2026-10-15"", ""time"": ""10:00""}","{""date"": ""2026-10-15"", ""time"": ""10:00""}","{""date"": ""2026-10-15"", ""time"": ""10:00""}","{""date"": ""2026-10-15"", ""time"": ""10:00""}","{""date"": ""2026-10-15"", ""time"": ""10:00""}","{""date"": ""2026-10-15"", ""time"": ""10:00""}","{""date"": ""2026-10-15"", ""time"": ""10:00""}","{""date"": ""2026-10-15"", ""time"": ""10:00""}","{""date"": ""2026-10-15"", ""time"": ""10:00""}","{""date"": ""2026-10-15"", ""time"": ""10:00""}","{""date"": ""2026-10-15"", ""time"": ""10:00""}","{""date"": ""2026-10-15"", ""time"": ""10:00""}","{""date"": ""2026-10-15"", ""time"": ""10:00""}","{""date"": ""2026-10-15"", ""time"": ""10:00""}","{""date"": ""2026-10-15"", ""time"": ""10:00""}","{""date"": ""2026-10-15"", ""time"": ""11:00""}","{""date"": ""2026-10-15"", ""time"": ""11:00""}"
convert:casablanca:london:2026-12-15:09:00,wave_2026,convert,True,True,"{""date"": ""2026-12-15"", ""time"": ""09:00""}","{""date"": ""2026-12-15"", ""time"": ""08:00""}","{""date"": ""2026-12-15"", ""time"": ""08:00""}","{""date"": ""2026-12-15"", ""time"": ""08:00""}","{""date"": ""2026-12-15"", ""time"": ""08:00""}","{""date"": ""2026-12-15"", ""time"": ""08:00""}","{""date"": ""2026-12-15"", ""time"": ""08:00""}","{""date"": ""2026-12-15"", ""time"": ""08:00""}","{""date"": ""2026-12-15"", ""time"": ""08:00""}","{""date"": ""2026-12-15"", ""time"": ""08:00""}","{""date"": ""2026-12-15"", ""time"": ""08:00""}","{""date"": ""2026-12-15"", ""time"": ""08:00""}","{""date"": ""2026-12-15"", ""time"": ""08:00""}","{""date"": ""2026-12-15"", ""time"": ""08:00""}","{""date"": ""2026-12-15"", ""time"": ""08:00""}","{""date"": ""2026-12-15"", ""time"": ""08:00""}","{""date"": ""2026-12-15"", ""time"": ""08:00""}","{""date"": ""2026-12-15"", ""time"": ""08:00""}","{""date"": ""2026-12-15"", ""time"": ""08:00""}","{""date"": ""2026-12-15"", ""time"": ""09:00""}","{""date"": ""2026-12-15"", ""time"": ""09:00""}"
convert:inuvik:toronto:2026-11-15:09:00,wave_2026,convert,True,True,"{""date"": ""2026-11-15"", ""time"": ""10:00""}","{""date"": ""2026-11-15"", ""time"": ""11:00""}","{""date"": ""2026-11-15"", ""time"": ""11:00""}","{""date"": ""2026-11-15"", ""time"": ""11:00""}","{""date"": ""2026-11-15"", ""time"": ""11:00""}","{""date"": ""2026-11-15"", ""time"": ""11:00""}","{""date"": ""2026-11-15"", ""time"": ""11:00""}","{""date"": ""2026-11-15"", ""time"": ""11:00""}","{""date"": ""2026-11-15"", ""time"": ""11:00""}","{""date"": ""2026-11-15"", ""time"": ""11:00""}","{""date"": ""2026-11-15"", ""time"": ""11:00""}","{""date"": ""2026-11-15"", ""time"": ""11:00""}","{""date"": ""2026-11-15"", ""time"": ""11:00""}","{""date"": ""2026-11-15"", ""time"": ""11:00""}","{""date"": ""2026-11-15"", ""time"": ""11:00""}","{""date"": ""2026-11-15"", ""time"": ""11:00""}","{""date"": ""2026-11-15"", ""time"": ""11:00""}","{""date"": ""2026-11-15"", ""time"": ""11:00""}","{""date"": ""2026-11-15"", ""time"": ""11:00""}","{""date"": ""2026-11-15"", ""time"": ""11:00""}","{""date"": ""2026-11-15"", ""time"": ""10:00""}"
change_day:vancouver:2026-11-01,wave_2026,change_day,True,True,"{""changes"": false, ""direction"": ""none""}","{""changes"": true, ""direction"": ""back""}","{""changes"": true, ""direction"": ""back""}","{""changes"": true, ""direction"": ""back""}","{""changes"": true, ""direction"": ""back""}","{""changes"": true, ""direction"": ""back""}","{""changes"": true, ""direction"": ""back""}","{""changes"": true, ""direction"": ""back""}","{""changes"": true, ""direction"": ""back""}","{""changes"": true, ""direction"": ""back""}","{""changes"": true, ""direction"": ""back""}","{""changes"": true, ""direction"": ""back""}","{""changes"": true, ""direction"": ""back""}","{""changes"": true, ""direction"": ""back""}","{""changes"": true, ""direction"": ""back""}","{""changes"": true, ""direction"": ""back""}","{""changes"": true, ""direction"": ""back""}","{""changes"": true, ""direction"": ""back""}","{""changes"": false, ""direction"": ""none""}","{""changes"": false, ""direction"": ""none""}","{""changes"": false, ""direction"": ""none""}"
change_day:calgary:2026-11-01,wave_2026,change_day,True,True,"{""changes"": false, ""direction"": ""none""}","{""changes"": true, ""direction"": ""back""}","{""changes"": true, ""direction"": ""back""}","{""changes"": true, ""direction"": ""back""}","{""changes"": true, ""direction"": ""back""}","{""changes"": true, ""direction"": ""back""}","{""changes"": true, ""direction"": ""back""}","{""changes"": true, ""direction"": ""back""}","{""changes"": true, ""direction"": ""back""}","{""changes"": true, ""direction"": ""back""}","{""changes"": true, ""direction"": ""back""}","{""changes"": true, ""direction"": ""back""}","{""changes"": true, ""direction"": ""back""}","{""changes"": true, ""direction"": ""back""}","{""changes"": true, ""direction"": ""back""}","{""changes"": true, ""direction"": ""back""}","{""changes"": true, ""direction"": ""back""}","{""changes"": true, ""direction"": ""back""}","{""changes"": true, ""direction"": ""back""}","{""changes"": false, ""direction"": ""none""}","{""changes"": false, ""direction"": ""none""}"
change_day:edmonton:2026-11-01,wave_2026,change_day,True,True,"{""changes"": false, ""direction"": ""none""}","{""changes"": true, ""direction"": ""back""}","{""changes"": true, ""direction"": ""back""}","{""changes"": true, ""direction"": ""back""}","{""changes"": true, ""direction"": ""back""}","{""changes"": true, ""direction"": ""back""}","{""changes"": true, ""direction"": ""back""}","{""changes"": true, ""direction"": ""back""}","{""changes"": true, ""direction"": ""back""}","{""changes"": true, ""direction"": ""back""}","{""changes"": true, ""direction"": ""back""}","{""changes"": true, ""direction"": ""back""}","{""changes"": true, ""direction"": ""back""}","{""changes"": true, ""direction"": ""back""}","{""changes"": true, ""direction"": ""back""}","{""changes"": true, ""direction"": ""back""}","{""changes"": true, ""direction"": ""back""}","{""changes"": true, ""direction"": ""back""}","{""changes"": true, ""direction"": ""back""}","{""changes"": false, ""direction"": ""none""}","{""changes"": false, ""direction"": ""none""}"
change_day:yellowknife:2026-11-01,wave_2026,change_day,True,True,"{""changes"": false, ""direction"": ""none""}","{""changes"": true, ""direction"": ""back""}","{""changes"": true, ""direction"": ""back""}","{""changes"": true, ""direction"": ""back""}","{""changes"": true, ""direction"": ""back""}","{""changes"": true, ""direction"": ""back""}","{""changes"": true, ""direction"": ""back""}","{""changes"": true, ""direction"": ""back""}","{""changes"": true, ""direction"": ""back""}","{""changes"": true, ""direction"": ""back""}","{""changes"": true, ""direction"": ""back""}","{""changes"": true, ""direction"": ""back""}","{""changes"": true, ""direction"": ""back""}","{""changes"": true, ""direction"": ""back""}","{""changes"": true, ""direction"": ""back""}","{""changes"": true, ""direction"": ""back""}","{""changes"": true, ""direction"": ""back""}","{""changes"": true, ""direction"": ""back""}","{""changes"": true, ""direction"": ""back""}","{""changes"": false, ""direction"": ""none""}","{""changes"": false, ""direction"": ""none""}"
change_day:inuvik:2026-11-01,wave_2026,change_day,True,True,"{""changes"": false, ""direction"": ""none""}","{""changes"": true, ""direction"": ""back""}","{""changes"": true, ""direction"": ""back""}","{""changes"": true, ""direction"": ""back""}","{""changes"": true, ""direction"": ""back""}","{""changes"": true, ""direction"": ""back""}","{""changes"": true, ""direction"": ""back""}","{""changes"": true, ""direction"": ""back""}","{""changes"": true, ""direction"": ""back""}","{""changes"": true, ""direction"": ""back""}","{""changes"": true, ""direction"": ""back""}","{""changes"": true, ""direction"": ""back""}","{""changes"": true, ""direction"": ""back""}","{""changes"": true, ""direction"": ""back""}","{""changes"": true, ""direction"": ""back""}","{""changes"": true, ""direction"": ""back""}","{""changes"": true, ""direction"": ""back""}","{""changes"": true, ""direction"": ""back""}","{""changes"": true, ""direction"": ""back""}","{""changes"": true, ""direction"": ""back""}","{""changes"": false, ""direction"": ""none""}"
change_day:casablanca:2026-09-20,wave_2026,change_day,True,True,"{""changes"": true, ""direction"": ""back""}","{""changes"": false, ""direction"": ""none""}","{""changes"": false, ""direction"": ""none""}","{""changes"": false, ""direction"": ""none""}","{""changes"": false, ""direction"": ""none""}","{""changes"": false, ""direction"": ""none""}","{""changes"": false, ""direction"": ""none""}","{""changes"": false, ""direction"": ""none""}","{""changes"": false, ""direction"": ""none""}","{""changes"": false, ""direction"": ""none""}","{""changes"": false, ""direction"": ""none""}","{""changes"": false, ""direction"": ""none""}","{""changes"": false, ""direction"": ""none""}","{""changes"": false, ""direction"": ""none""}","{""changes"": false, ""direction"": ""none""}","{""changes"": false, ""direction"": ""none""}","{""changes"": false, ""direction"": ""none""}","{""changes"": false, ""direction"": ""none""}","{""changes"": false, ""direction"": ""none""}","{""changes"": true, ""direction"": ""back""}","{""changes"": true, ""direction"": ""back""}"
change_day:vancouver:2026-03-08,wave_2026,change_day,True,False,"{""changes"": true, ""direction"": ""forward""}","{""changes"": true, ""direction"": ""forward""}","{""changes"": true, ""direction"": ""forward""}","{""changes"": true, ""direction"": ""forward""}","{""changes"": true, ""direction"": ""forward""}","{""changes"": true, ""direction"": ""forward""}","{""changes"": true, ""direction"": ""forward""}","{""changes"": true, ""direction"": ""forward""}","{""changes"": true, ""direction"": ""forward""}","{""changes"": true, ""direction"": ""forward""}","{""changes"": true, ""direction"": ""forward""}","{""changes"": true, ""direction"": ""forward""}","{""changes"": true, ""direction"": ""forward""}","{""changes"": true, ""direction"": ""forward""}","{""changes"": true, ""direction"": ""forward""}","{""changes"": true, ""direction"": ""forward""}","{""changes"": true, ""direction"": ""forward""}","{""changes"": true, ""direction"": ""forward""}","{""changes"": true, ""direction"": ""forward""}","{""changes"": true, ""direction"": ""forward""}","{""changes"": true, ""direction"": ""forward""}"
change_day:fort_nelson:2026-11-01,wave_2026,change_day,True,False,"{""changes"": false, ""direction"": ""none""}","{""changes"": false, ""direction"": ""none""}","{""changes"": false, ""direction"": ""none""}","{""changes"": false, ""direction"": ""none""}","{""changes"": false, ""direction"": ""none""}","{""changes"": false, ""direction"": ""none""}","{""changes"": false, ""direction"": ""none""}","{""changes"": false, ""direction"": ""none""}","{""changes"": false, ""direction"": ""none""}","{""changes"": false, ""direction"": ""none""}","{""changes"": false, ""direction"": ""none""}","{""changes"": false, ""direction"": ""none""}","{""changes"": false, ""direction"": ""none""}","{""changes"": false, ""direction"": ""none""}","{""changes"": false, ""direction"": ""none""}","{""changes"": false, ""direction"": ""none""}","{""changes"": false, ""direction"": ""none""}","{""changes"": false, ""direction"": ""none""}","{""changes"": false, ""direction"": ""none""}","{""changes"": false, ""direction"": ""none""}","{""changes"": false, ""direction"": ""none""}"
change_day:seattle:2026-11-01,wave_2026,change_day,True,False,"{""changes"": true, ""direction"": ""back""}","{""changes"": true, ""direction"": ""back""}","{""changes"": true, ""direction"": ""back""}","{""changes"": true, ""direction"": ""back""}","{""changes"": true, ""direction"": ""back""}","{""changes"": true, ""direction"": ""back""}","{""changes"": true, ""direction"": ""back""}","{""changes"": true, ""direction"": ""back""}","{""changes"": true, ""direction"": ""back""}","{""changes"": true, ""direction"": ""back""}","{""changes"": true, ""direction"": ""back""}","{""changes"": true, ""direction"": ""back""}","{""changes"": true, ""direction"": ""back""}","{""changes"": true, ""direction"": ""back""}","{""changes"": true, ""direction"": ""back""}","{""changes"": true, ""direction"": ""back""}","{""changes"": true, ""direction"": ""back""}","{""changes"": true, ""direction"": ""back""}","{""changes"": true, ""direction"": ""back""}","{""changes"": true, ""direction"": ""back""}","{""changes"": true, ""direction"": ""back""}"
offset:winnipeg:2026-11-15:12:00,unresolved,offset,False,False,"{""utc_offset"": ""-06:00""}","{""utc_offset"": ""-06:00""}","{""utc_offset"": ""-06:00""}","{""utc_offset"": ""-06:00""}","{""utc_offset"": ""-06:00""}","{""utc_offset"": ""-06:00""}","{""utc_offset"": ""-06:00""}","{""utc_offset"": ""-06:00""}","{""utc_offset"": ""-06:00""}","{""utc_offset"": ""-06:00""}","{""utc_offset"": ""-06:00""}","{""utc_offset"": ""-06:00""}","{""utc_offset"": ""-06:00""}","{""utc_offset"": ""-06:00""}","{""utc_offset"": ""-06:00""}","{""utc_offset"": ""-06:00""}","{""utc_offset"": ""-06:00""}","{""utc_offset"": ""-06:00""}","{""utc_offset"": ""-06:00""}","{""utc_offset"": ""-06:00""}","{""utc_offset"": ""-06:00""}"
change_day:winnipeg:2026-11-01,unresolved,change_day,False,False,"{""changes"": true, ""direction"": ""back""}","{""changes"": true, ""direction"": ""back""}","{""changes"": true, ""direction"": ""back""}","{""changes"": true, ""direction"": ""back""}","{""changes"": true, ""direction"": ""back""}","{""changes"": true, ""direction"": ""back""}","{""changes"": true, ""direction"": ""back""}","{""changes"": true, ""direction"": ""back""}","{""changes"": true, ""direction"": ""back""}","{""changes"": true, ""direction"": ""back""}","{""changes"": true, ""direction"": ""back""}","{""changes"": true, ""direction"": ""back""}","{""changes"": true, ""direction"": ""back""}","{""changes"": true, ""direction"": ""back""}","{""changes"": true, ""direction"": ""back""}","{""changes"": true, ""direction"": ""back""}","{""changes"": true, ""direction"": ""back""}","{""changes"": true, ""direction"": ""back""}","{""changes"": true, ""direction"": ""back""}","{""changes"": true, ""direction"": ""back""}","{""changes"": true, ""direction"": ""back""}"
convert:winnipeg:toronto:2026-11-15:09:00,unresolved,convert,False,False,"{""date"": ""2026-11-15"", ""time"": ""10:00""}","{""date"": ""2026-11-15"", ""time"": ""10:00""}","{""date"": ""2026-11-15"", ""time"": ""10:00""}","{""date"": ""2026-11-15"", ""time"": ""10:00""}","{""date"": ""2026-11-15"", ""time"": ""10:00""}","{""date"": ""2026-11-15"", ""time"": ""10:00""}","{""date"": ""2026-11-15"", ""time"": ""10:00""}","{""date"": ""2026-11-15"", ""time"": ""10:00""}","{""date"": ""2026-11-15"", ""time"": ""10:00""}","{""date"": ""2026-11-15"", ""time"": ""10:00""}","{""date"": ""2026-11-15"", ""time"": ""10:00""}","{""date"": ""2026-11-15"", ""time"": ""10:00""}","{""date"": ""2026-11-15"", ""time"": ""10:00""}","{""date"": ""2026-11-15"", ""time"": ""10:00""}","{""date"": ""2026-11-15"", ""time"": ""10:00""}","{""date"": ""2026-11-15"", ""time"": ""10:00""}","{""date"": ""2026-11-15"", ""time"": ""10:00""}","{""date"": ""2026-11-15"", ""time"": ""10:00""}","{""date"": ""2026-11-15"", ""time"": ""10:00""}","{""date"": ""2026-11-15"", ""time"": ""10:00""}","{""date"": ""2026-11-15"", ""time"": ""10:00""}"
